date,wolframite_concentrate,scheelite_concentrate,apt,european_apt,tungsten_powder,tungsten_carbide_powder,ferrotungsten,cobalt_powder,scrap_carbide_rod,title,url,table_image_local,trend_image_local
2026-06-18,520000.0,519000.0,790000.0,2900.0,1280.0,1230.0,780000.0,525.0,780.0,"Tungsten and Cobalt Prices Decline - June 18, 2026",http://news.chinatungsten.com/en/tungsten-product-news/175140-tpn-16168.html,data/raw/minerals_signal_data/images/tungsten_price_table_2026-06-18.jpg,data/raw/minerals_signal_data/images/tungsten_trend_2026-06-18.jpg
2026-06-22,520000.0,519000.0,790000.0,2900.0,1280.0,1230.0,780000.0,520.0,780.0,"Tungsten Prices Stagnant - June 22, 2026",http://news.chinatungsten.com/en/tungsten-product-news/175152-tpn-16172.html,data/raw/minerals_signal_data/images/tungsten_price_table_2026-06-22.jpg,data/raw/minerals_signal_data/images/tungsten_trend_2026-06-22.jpg
2026-06-23,520000.0,519000.0,780000.0,2900.0,1280.0,1230.0,780000.0,515.0,780.0,"Price Divergence of APT in Domestic and International Markets - June 23, 2026",http://news.chinatungsten.com/en/tungsten-product-news/175155-tpn-16173.html,data/raw/minerals_signal_data/images/tungsten_price_table_2026-06-23.jpg,data/raw/minerals_signal_data/images/tungsten_trend_2026-06-23.jpg
2026-06-24,510000.0,509000.0,760000.0,2900.0,1230.0,1180.0,780000.0,515.0,750.0,"Tungsten Market Faces Downward Pressure - June 24, 2026",http://news.chinatungsten.com/en/tungsten-product-news/175160-tpn-16175.html,data/raw/minerals_signal_data/images/tungsten_price_table_2026-06-24.jpg,data/raw/minerals_signal_data/images/tungsten_trend_2026-06-24.jpg
2026-06-25,510000.0,509000.0,750000.0,2900.0,1200.0,1150.0,770000.0,510.0,720.0,"Prices of APT and Tungsten Carbide Powder Decline - June 25, 2026",http://news.chinatungsten.com/en/tungsten-product-news/175171-tpn-16179.html,data/raw/minerals_signal_data/images/tungsten_price_table_2026-06-25.jpg,data/raw/minerals_signal_data/images/tungsten_trend_2026-06-25.jpg
2026-06-11,525000.0,524000.0,800000.0,2900.0,1280.0,1230.0,,540.0,810.0,China Upgrades its Tungsten Resource Advantage to an Industrial Advantage,http://news.chinatungsten.com/en/tungsten-product-news/175112-tpn-16159.html,data/raw/minerals_signal_data/images/tungsten_price_table_2026-06-11.jpg,data/raw/minerals_signal_data/images/tungsten_trend_2026-06-11.jpg
2026-06-12,525000.0,524000.0,800000.0,,1280.0,1230.0,780000.0,540.0,780.0,"Scrap Tungsten Price Downward - June 12, 2026",http://news.chinatungsten.com/en/tungsten-product-news/175114-tpn-16160.html,data/raw/minerals_signal_data/images/tungsten_price_table_2026-06-12.jpg,data/raw/minerals_signal_data/images/tungsten_trend_2026-06-12.jpg
2026-06-15,525000.0,524000.0,800000.0,,1280.0,1230.0,780000.0,540.0,780.0,"Tungsten Prices Hold Steady - June 15, 2026",http://news.chinatungsten.com/en/tungsten-product-news/175120-tpn-16162.html,data/raw/minerals_signal_data/images/tungsten_price_table_2026-06-15.jpg,data/raw/minerals_signal_data/images/tungsten_trend_2026-06-15.jpg
2026-06-17,525000.0,524000.0,800000.0,2900.0,1280.0,1230.0,780000.0,530.0,780.0,"Tungsten Market Remains Stable with Observation - June 17, 2026",http://news.chinatungsten.com/en/tungsten-product-news/175136-tpn-16167.html,data/raw/minerals_signal_data/images/tungsten_price_table_2026-06-17.jpg,data/raw/minerals_signal_data/images/tungsten_trend_2026-06-17.jpg
2026-06-04,480000.0,479000.0,760000.0,2900.0,1180.0,1130.0,750000.0,555.0,750.0,"Tungsten Concentrate Prices Remain Firm - June 4, 2026",http://news.chinatungsten.com/en/tungsten-product-news/175078-tpn-16148.html,data/raw/minerals_signal_data/images/tungsten_price_table_2026-06-04.jpg,data/raw/minerals_signal_data/images/tungsten_trend_2026-06-04.jpg
2026-06-05,500000.0,499000.0,770000.0,2900.0,1200.0,1200000.0,760000.0,550.0,770.0,"Tungsten Prices Rise 20% This Week - June 5, 2026",http://news.chinatungsten.com/en/tungsten-product-news/175084-tpn-16150.html,data/raw/minerals_signal_data/images/tungsten_price_table_2026-06-05.jpg,data/raw/minerals_signal_data/images/tungsten_trend_2026-06-05.jpg
2026-06-09,520000.0,519000.0,800000.0,2900.0,1280.0,1230.0,780000.0,542.0,810.0,"Ammonium Paratungstate (APT) Price Retests RMB 800,000/ton Mark - June 9, 2026",http://news.chinatungsten.com/en/tungsten-product-news/175096-tpn-16154.html,data/raw/minerals_signal_data/images/tungsten_price_table_2026-06-09.jpg,data/raw/minerals_signal_data/images/tungsten_trend_2026-06-09.jpg
2026-06-10,525000.0,524000.0,800000.0,2900.0,1280.0,1230.0,780000.0,540.0,810.0,"Tungsten Concentrate Prices Remain Firm - June 10, 2026",http://news.chinatungsten.com/en/tungsten-product-news/175101-tpn-16156.html,data/raw/minerals_signal_data/images/tungsten_price_table_2026-06-10.jpg,data/raw/minerals_signal_data/images/tungsten_trend_2026-06-10.jpg
2026-05-29,420000.0,419000.0,670000.0,3000.0,1000.0,950.0,700000.0,565.0,680.0,Tungsten Prices Plunge Over 40% in May 2026,http://news.chinatungsten.com/en/tungsten-product-news/175048-tpn-16139.html,data/raw/minerals_signal_data/images/tungsten_price_table_2026-05-29.jpg,data/raw/minerals_signal_data/images/tungsten_trend_2026-05-29.jpg
2026-06-01,430000.0,429000.0,680000.0,3000.0,1040.0,1000.0,710000.0,560.0,720.0,"Tungsten Powder Price Rebound - June 1, 2026",http://news.chinatungsten.com/en/tungsten-product-news/175053-tpn-16141.html,data/raw/minerals_signal_data/images/tungsten_price_table_2026-06-01.jpg,data/raw/minerals_signal_data/images/tungsten_trend_2026-06-01.jpg
2026-06-02,440000.0,439000.0,720000.0,2900.0,1100.0,1060.0,720000.0,560.0,720.0,"Prices of Ammonium Paratungstate and Tungsten Powder Rise - June 2, 2026",http://news.chinatungsten.com/en/tungsten-product-news/175069-tpn-16144.html,data/raw/minerals_signal_data/images/tungsten_price_table_2026-06-02.jpg,data/raw/minerals_signal_data/images/tungsten_trend_2026-06-02.jpg
2026-06-03,,,,,,,,,,What Factors Are Influencing Recent Tungsten Prices?,http://news.chinatungsten.com/en/tungsten-product-news/175076-tpn-16147.html,,data/raw/minerals_signal_data/images/tungsten_trend_2026-06-03.jpg
2026-05-22,420000.0,419000.0,660000.0,3000.0,1250.0,1200.0,740000.0,565.0,630.0,"Are There Signs of Tungsten Prices Stabilizing? - May 22, 2026",http://news.chinatungsten.com/en/tungsten-product-news/175013-tpn-16129.html,data/raw/minerals_signal_data/images/tungsten_price_table_2026-05-22.jpg,data/raw/minerals_signal_data/images/tungsten_trend_2026-05-22.jpg
2026-05-26,410000.0,409000.0,660000.0,3000.0,1000.0,1050.0,700000.0,565.0,630.0,"Tungsten Powder Prices Decline at an Accelerated Pace- May 26, 2026",http://news.chinatungsten.com/en/tungsten-product-news/175027-tpn-16133.html,data/raw/minerals_signal_data/images/tungsten_price_table_2026-05-26.jpg,data/raw/minerals_signal_data/images/tungsten_trend_2026-05-26.jpg
2026-05-27,410000.0,409000.0,660000.0,3000.0,1050.0,1000.0,700000.0,565.0,630.0,"Prices of Tungsten Concentrate and Ammonium Paratungstate Remain Stable - May 27, 2026",http://news.chinatungsten.com/en/tungsten-product-news/175034-tpn-16135.html,data/raw/minerals_signal_data/images/tungsten_price_table_2026-05-27.jpg,data/raw/minerals_signal_data/images/tungsten_trend_2026-05-27.jpg
2026-05-28,410000.0,409000.0,660000.0,3000.0,1000000.0,950.0,700000.0,565.0,650.0,"Tungsten Powder Price Falls to RMB 1 Million/Ton - May 28, 2026",http://news.chinatungsten.com/en/tungsten-product-news/175041-tpn-16137.html,data/raw/minerals_signal_data/images/tungsten_price_table_2026-05-28.jpg,data/raw/minerals_signal_data/images/tungsten_trend_2026-05-28.jpg
2026-05-14,550000.0,549000.0,870000.0,3000.0,1670.0,1600.0,900000.0,570.0,730.0,"Tungsten Concentrate Prices Fall Below RMB 60,000 - May 14, 2026",http://news.chinatungsten.com/en/tungsten-product-news/174971-tpn-16120.html,data/raw/minerals_signal_data/images/tungsten_price_table_2026-05-14.jpg,data/raw/minerals_signal_data/images/tungsten_trend_2026-05-14.jpg
2026-05-19,440000.0,439000.0,680000.0,3000.0,1450.0,1380.0,780000.0,570.0,650.0,"Prices of Ammonium Paratungstate and Tungsten Powder Fall - May 19, 2026",http://news.chinatungsten.com/en/tungsten-product-news/175001-tpn-16125.html,data/raw/minerals_signal_data/images/tungsten_price_table_2026-05-19.jpg,data/raw/minerals_signal_data/images/tungsten_trend_2026-05-19.jpg
2026-04-30,780532.0,779443.0,1164810.0,,1879.62,1825.06,1096266.0,576.33,946.39,Average Prices of Tungsten Products from January to April 2026,http://news.chinatungsten.com/en/tungsten-product-news/174933-tpn-16109.html,data/raw/minerals_signal_data/images/tungsten_price_table_2026-04-30.jpg,data/raw/minerals_signal_data/images/tungsten_trend_2026-04-30.jpg
2026-05-06,710000.0,709000.0,1150000.0,2800.0,1960.0,1890.0,1060000.0,575.0,680.0,"Tungsten Market Temporarily Stable - May 6, 2026",http://news.chinatungsten.com/en/tungsten-product-news/174935-tpn-16110.html,data/raw/minerals_signal_data/images/tungsten_price_table_2026-05-06.jpg,data/raw/minerals_signal_data/images/tungsten_trend_2026-05-06.jpg
2026-05-07,,699000.0,1100000.0,3000.0,1920.0,1850.0,1050000.0,575.0,680.0,"Prices of Ammonium Paratungstate and Tungsten Powder Reduced - May 7, 2026",http://news.chinatungsten.com/en/tungsten-product-news/174944-tpn-16112.html,data/raw/minerals_signal_data/images/tungsten_price_table_2026-05-07.jpg,data/raw/minerals_signal_data/images/tungsten_trend_2026-05-07.jpg
2026-05-08,680000.0,679000.0,1020000.0,3000.0,1870.0,1800.0,1030000.0,575.0,680.0,"Ammonium Paratungstate (APT) Prices Decline - May 8, 2026",http://news.chinatungsten.com/en/tungsten-product-news/174950-tpn-16114.html,data/raw/minerals_signal_data/images/tungsten_price_table_2026-05-08.jpg,data/raw/minerals_signal_data/images/tungsten_trend_2026-05-08.jpg
2026-04-22,880000.0,879000.0,1360000.0,,2200.0,2140.0,1270000.0,575.0,880.0,"Tungsten Powder and Tungsten Scrap Prices Decline - April 22, 2026",http://news.chinatungsten.com/en/tungsten-product-news/174905-tpn-16098.html,data/raw/minerals_signal_data/images/tungsten_price_table_2026-04-22.jpg,data/raw/minerals_signal_data/images/tungsten_trend_2026-04-22.jpg
2026-04-24,860000.0,859000.0,1340000.0,2800.0,2130.0,2060.0,1240000.0,575.0,860.0,"Tungsten Carbide Powder Prices Reduced - April 24, 2026",http://news.chinatungsten.com/en/tungsten-product-news/174911-tpn-16100.html,data/raw/minerals_signal_data/images/tungsten_price_table_2026-04-24.jpg,data/raw/minerals_signal_data/images/tungsten_trend_2026-04-24.jpg
2026-04-13,920000.0,919000.0,1420000.0,2800.0,2290.0,2230.0,1330000.0,580.0,940.0,Price Divergence of APT in Domestic and International Markets,http://news.chinatungsten.com/en/tungsten-product-news/174869-tpn-16087.html,data/raw/minerals_signal_data/images/tungsten_price_table_2026-04-13.jpg,data/raw/minerals_signal_data/images/tungsten_trend_2026-04-13.jpg
2026-04-14,920000.0,919000.0,1410000.0,2800.0,2280.0,2220.0,1330000.0,580.0,910.0,"Tungsten Powder and Scrap Tungsten Rods Prices Lowered - April 14, 2026",http://news.chinatungsten.com/en/tungsten-product-news/174875-tpn-16089.html,data/raw/minerals_signal_data/images/tungsten_price_table_2026-04-14.jpg,data/raw/minerals_signal_data/images/tungsten_trend_2026-04-14.jpg
2026-04-20,890000.0,889000.0,1380000.0,2800.0,2220.0,2160.0,1280000.0,575.0,910.0,"Wolframite Concentrate and APT Prices Reduced - April 20, 2026",http://news.chinatungsten.com/en/tungsten-product-news/174893-tpn-16094.html,data/raw/minerals_signal_data/images/tungsten_price_table_2026-04-20.jpg,data/raw/minerals_signal_data/images/tungsten_trend_2026-04-20.jpg
2026-04-21,885000.0,884000.0,1370000.0,2800.0,2210.0,2150.0,1270000.0,575.0,910.0,"Prices of Ammonium Paratungstate and Tungsten Powder Under Pressure - April 21, 2026",http://news.chinatungsten.com/en/tungsten-product-news/174894-tpn-16095.html,data/raw/minerals_signal_data/images/tungsten_price_table_2026-04-21.jpg,data/raw/minerals_signal_data/images/tungsten_trend_2026-04-21.jpg
2026-04-02,975000.0,974000.0,1460000.0,2800.0,2350.0,2290.0,1390000.0,580.0,1080.0,"Tungsten Concentrate Prices Fall Below 1 Million RMB - April 2, 2026",http://news.chinatungsten.com/en/tungsten-product-news/174838-tpn-16076.html,data/raw/minerals_signal_data/images/tungsten_price_table_2026-04-02.jpg,data/raw/minerals_signal_data/images/tungsten_trend_2026-04-02.jpg
2026-04-07,960000.0,959000.0,1450000.0,2800.0,2340.0,2280.0,1380000.0,580.0,1030.0,"Tungsten Market Remains Stable - April 7, 2026",http://news.chinatungsten.com/en/tungsten-product-news/174845-tpn-16078.html,data/raw/minerals_signal_data/images/tungsten_price_table_2026-04-07.jpg,data/raw/minerals_signal_data/images/tungsten_trend_2026-04-07.jpg
2026-04-08,945000.0,944000.0,1450000.0,2800.0,2340.0,2280.0,1350000.0,580.0,1030.0,"Tungsten Ore Prices Reduced - April 8, 2026",http://news.chinatungsten.com/en/tungsten-product-news/174852-tpn-16080.html,data/raw/minerals_signal_data/images/tungsten_price_table_2026-04-08.jpg,data/raw/minerals_signal_data/images/tungsten_trend_2026-04-08.jpg
2026-04-09,935000.0,934000.0,1430000.0,2800.0,2310.0,2250.0,1330000.0,580.0,1020.0,"Tungsten Market Weakens - April 9, 2026",http://news.chinatungsten.com/en/tungsten-product-news/174856-tpn-16081.html,data/raw/minerals_signal_data/images/tungsten_price_table_2026-04-09.jpg,data/raw/minerals_signal_data/images/tungsten_trend_2026-04-09.jpg
2026-04-10,930000.0,929000.0,1430000.0,2800.0,2300.0,2240.0,1330000.0,580.0,980.0,"Wolframite Concentrate and Tungsten Powder Prices Reduced - April 10, 2026",http://news.chinatungsten.com/en/tungsten-product-news/174868-tpn-16086.html,data/raw/minerals_signal_data/images/tungsten_price_table_2026-04-10.jpg,data/raw/minerals_signal_data/images/tungsten_trend_2026-04-10.jpg
2026-03-30,1005000.0,1004000.0,1480000.0,2800.0,2360.0,2300.0,1400000.0,580.0,1080.0,"European Ammonium Paratungstate (APT) Prices Rise - March 30, 2026",http://news.chinatungsten.com/en/tungsten-product-news/174806-tpn-16065.html,data/raw/minerals_signal_data/images/tungsten_price_table_2026-03-30.jpg,data/raw/minerals_signal_data/images/tungsten_trend_2026-03-30.jpg
2026-03-31,986136.0,984682.0,1446818.0,,2294.55,2234.55,1368636.0,580.0,1234.09,Average Prices of Tungsten Products in March 2026,http://news.chinatungsten.com/en/tungsten-product-news/174814-tpn-16069.html,data/raw/minerals_signal_data/images/tungsten_price_table_2026-03-31.jpg,data/raw/minerals_signal_data/images/tungsten_trend_2026-03-31.jpg
2026-04-01,985000.0,984000.0,1470000.0,2800.0,2350.0,2290.0,1400000.0,580.0,1080.0,"Wolframite Concentrate and APT Prices Weaken - April 1, 2026",http://news.chinatungsten.com/en/tungsten-product-news/174816-tpn-16070.html,data/raw/minerals_signal_data/images/tungsten_price_table_2026-04-01.jpg,data/raw/minerals_signal_data/images/tungsten_trend_2026-04-01.jpg
2026-03-23,1025000.0,1024000.0,1500000.0,2500.0,2380.0,2320.0,1420000.0,580.0,1250.0,"Tungsten Prices Remain Sideways - March 23, 2026",http://news.chinatungsten.com/en/tungsten-product-news/174775-tpn-16055.html,data/raw/minerals_signal_data/images/tungsten_price_table_2026-03-23.jpg,data/raw/minerals_signal_data/images/tungsten_trend_2026-03-23.jpg
2026-03-24,1025000.0,1024000.0,1500000.0,2500.0,2380.0,2320.0,1420000.0,580.0,1100.0,"Tungsten Waste and Scrap Prices Fall– March 24, 2026",http://news.chinatungsten.com/en/tungsten-product-news/174792-tpn-16059.html,data/raw/minerals_signal_data/images/tungsten_price_table_2026-03-24.jpg,data/raw/minerals_signal_data/images/tungsten_trend_2026-03-24.jpg
2026-03-25,1025000.0,1024000.0,1500000.0,2500.0,2380.0,2320.0,1420000.0,580.0,1100.0,"Tungsten Powder Prices Temporarily Stable - March 25, 2026",http://news.chinatungsten.com/en/tungsten-product-news/174793-tpn-16060.html,data/raw/minerals_signal_data/images/tungsten_price_table_2026-03-25.jpg,data/raw/minerals_signal_data/images/tungsten_trend_2026-03-25.jpg
2026-03-26,1010000.0,1009000.0,1490000.0,2500.0,2370.0,2310.0,1410000.0,580.0,1050.0,"Wolframite Concentrate and APT Prices Lowered - March 26, 2026",http://news.chinatungsten.com/en/tungsten-product-news/174794-tpn-16061.html,data/raw/minerals_signal_data/images/tungsten_price_table_2026-03-26.jpg,data/raw/minerals_signal_data/images/tungsten_trend_2026-03-26.jpg
2026-03-27,1005000.0,1004000.0,1480000.0,2500.0,2360.0,2300.0,1400000.0,580.0,1050.0,"Ammonium Paratungstate and Tungsten Powder Prices Decline - March 27, 2026",http://news.chinatungsten.com/en/tungsten-product-news/174800-tpn-16063.html,data/raw/minerals_signal_data/images/tungsten_price_table_2026-03-27.jpg,data/raw/minerals_signal_data/images/tungsten_trend_2026-03-27.jpg
2026-03-16,1050000.0,1049000.0,1520000.0,2100.0,2400.0,2340.0,1420000.0,580.0,1200.0,"Tungsten Waste and Scrap Prices Decline - March 16, 2026",http://news.chinatungsten.com/en/tungsten-product-news/174734-tpn-16045.html,data/raw/minerals_signal_data/images/tungsten_price_table_2026-03-16.jpg,data/raw/minerals_signal_data/images/tungsten_trend_2026-03-16.jpg
2026-03-17,1030000.0,1029000.0,1500000.0,2100.0,2380.0,2320.0,1420000.0,580.0,1200.0,"Tungsten Prices Decline - March 17, 2026",http://news.chinatungsten.com/en/tungsten-product-news/174743-tpn-16047.html,data/raw/minerals_signal_data/images/tungsten_price_table_2026-03-17.jpg,data/raw/minerals_signal_data/images/tungsten_trend_2026-03-17.jpg
2026-03-18,1030000.0,1029000.0,1500000.0,2100.0,2380.0,2320.0,1420000.0,580.0,1250.0,"Tungsten Prices Remain Stable - March 18, 2026",http://news.chinatungsten.com/en/tungsten-product-news/174758-tpn-16051.html,data/raw/minerals_signal_data/images/tungsten_price_table_2026-03-18.jpg,data/raw/minerals_signal_data/images/tungsten_trend_2026-03-18.jpg
2026-03-06,920000.0,919000.0,1360000.0,1890.0,2160.0,2100.0,1300000.0,580.0,1320.0,Tungsten Prices Have Doubled by 2026,http://news.chinatungsten.com/en/tungsten-product-news/174682-tpn-16035.html,data/raw/minerals_signal_data/images/tungsten_price_table_2026-03-06.jpg,data/raw/minerals_signal_data/images/tungsten_trend_2026-03-06.jpg
2026-03-09,935000.0,934000.0,1390000.0,2000.0,2210.0,2150.0,1330000.0,580.0,1360.0,"Domestic and International Tungsten Prices Rise in Tandem - March 9, 2026",http://news.chinatungsten.com/en/tungsten-product-news/174693-tpn-16037.html,data/raw/minerals_signal_data/images/tungsten_price_table_2026-03-09.jpg,data/raw/minerals_signal_data/images/tungsten_trend_2026-03-09.jpg
2026-03-10,1000000.0,999000.0,1450000.0,2000.0,2300000.0,2240.0,1380000.0,580.0,1370.0,"Tungsten Concentrate Price Hits the Million Mark - March 10, 2026",http://news.chinatungsten.com/en/tungsten-product-news/174702-tpn-16039.html,data/raw/minerals_signal_data/images/tungsten_price_table_2026-03-10.jpg,data/raw/minerals_signal_data/images/tungsten_trend_2026-03-10.jpg
2026-03-11,,1029000.0,1500000.0,2000.0,2360.0,2300.0,1400000.0,580.0,1370.0,"APT Price Breaks RMB 1.5 Million/ton - March 11, 2026",http://news.chinatungsten.com/en/tungsten-product-news/174719-tpn-16042.html,data/raw/minerals_signal_data/images/tungsten_price_table_2026-03-11.jpg,data/raw/minerals_signal_data/images/tungsten_trend_2026-03-11.jpg
2026-03-12,1050000.0,1049000.0,1520000.0,2000.0,2400.0,2340.0,1420000.0,580.0,1370.0,"Tungsten Product Prices Rise Daily - March 12, 2026",http://news.chinatungsten.com/en/tungsten-product-news/174722-tpn-16043.html,data/raw/minerals_signal_data/images/tungsten_price_table_2026-03-12.jpg,data/raw/minerals_signal_data/images/tungsten_trend_2026-03-12.jpg
2026-03-13,1050000.0,1049000.0,1520000.0,2000.0,2400.0,2340.0,1420000.0,580.0,1300.0,"Tungsten Prices Stabilize Temporarily, Tungsten Scrap Market Experiences Panic",http://news.chinatungsten.com/en/tungsten-product-news/174729-tpn-16044.html,data/raw/minerals_signal_data/images/tungsten_price_table_2026-03-13.jpg,data/raw/minerals_signal_data/images/tungsten_trend_2026-03-13.jpg
2026-03-02,830000.0,829000.0,1250000.0,,1990.0,1930.0,1160000.0,580.0,1240.0,"Middle East Conflict Escalates, Tungsten Prices Surge at March Opening",http://news.chinatungsten.com/en/tungsten-product-news/174632-tpn-16024.html,data/raw/minerals_signal_data/images/tungsten_price_table_2026-03-02.jpg,data/raw/minerals_signal_data/images/tungsten_trend_2026-03-02.jpg
2026-03-03,,,,,,,,,,Listed Tungsten Companies Warn of Rapid Stock Price Surge Risks,http://news.chinatungsten.com/en/tungsten-product-news/174656-tpn-16027.html,,data/raw/minerals_signal_data/images/tungsten_trend_2026-03-03.jpg
2026-03-04,591444.0,590250.0,872222.0,,1426.11,1380.0,822083.0,573.61,766.11,Average Prices of Tungsten Products from January to February 2026,http://news.chinatungsten.com/en/tungsten-product-news/174659-tpn-16031.html,data/raw/minerals_signal_data/images/tungsten_price_table_2026-03-04.jpg,data/raw/minerals_signal_data/images/tungsten_trend_2026-03-04.jpg
2026-02-25,735000.0,734000.0,1100000.0,1650.0,1800.0,1750.0,1030000.0,580.0,920.0,APT Price Hits a New High of RMB 1.1 Million!,http://news.chinatungsten.com/en/tungsten-product-news/174591-tpn-16018.html,data/raw/minerals_signal_data/images/tungsten_price_table_2026-02-25.jpg,data/raw/minerals_signal_data/images/tungsten_trend_2026-02-25.jpg
2026-02-26,760000.0,759000.0,1130000.0,1650.0,1850.0,1800.0,1080000.0,580.0,960.0,Tungsten Market Post-Holiday Surge Persists: Industry Sentiment Shows Clear Divergence,http://news.chinatungsten.com/en/tungsten-product-news/174608-tpn-16019.html,data/raw/minerals_signal_data/images/tungsten_price_table_2026-02-26.jpg,data/raw/minerals_signal_data/images/tungsten_trend_2026-02-26.jpg
2026-02-28,800000.0,799000.0,1200000.0,1650.0,2000000.0,1880.0,1120000.0,580.0,1100000.0,Tungsten Prices Rise 30% in February 2026,http://news.chinatungsten.com/en/tungsten-product-news/174626-tpn-16022.html,data/raw/minerals_signal_data/images/tungsten_price_table_2026-02-28.jpg,data/raw/minerals_signal_data/images/tungsten_trend_2026-02-28.jpg
2026-02-10,690000.0,689000.0,1020000.0,1200.0,1700.0,1650.0,960000.0,580.0,870.0,Tungsten Powder Price Reaches RMB 1700/kg - February 10 2026,http://news.chinatungsten.com/en/tungsten-product-news/174549-tpn-16010.html,data/raw/minerals_signal_data/images/tungsten_price_table_2026-02-10.jpg,data/raw/minerals_signal_data/images/tungsten_trend_2026-02-10.jpg
2026-02-11,697000.0,696000.0,1020000.0,1200.0,1700.0,1650.0,970000.0,580.0,870.0,Tungsten Ore Prices Remain Firm - February 11 2026,http://news.chinatungsten.com/en/tungsten-product-news/174550-tpn-16011.html,data/raw/minerals_signal_data/images/tungsten_price_table_2026-02-11.jpg,data/raw/minerals_signal_data/images/tungsten_trend_2026-02-11.jpg
2026-02-12,697000.0,696000.0,1020000.0,1200.0,1700.0,1650.0,970000.0,580.0,870.0,Tungsten Prices Remain Stable - February 12 2026,http://news.chinatungsten.com/en/tungsten-product-news/174562-tpn-16013.html,data/raw/minerals_signal_data/images/tungsten_price_table_2026-02-12.jpg,data/raw/minerals_signal_data/images/tungsten_trend_2026-02-12.jpg
2026-02-13,697000.0,696000.0,1020000.0,1200.0,1700.0,1650.0,970000.0,580.0,870.0,China's Tungsten Market Stabilizes While Europe Sees Rising Prices - February 13 2026,http://news.chinatungsten.com/en/tungsten-product-news/174572-tpn-16015.html,data/raw/minerals_signal_data/images/tungsten_price_table_2026-02-13.jpg,data/raw/minerals_signal_data/images/tungsten_trend_2026-02-13.jpg
2026-02-24,705000.0,704000.0,1050000.0,1650.0,1740.0,1690.0,990000.0,580.0,890.0,"Tungsten Market Opens with Great Fortune - February 24, 2026",http://news.chinatungsten.com/en/tungsten-product-news/174582-tpn-16016.html,data/raw/minerals_signal_data/images/tungsten_price_table_2026-02-24.jpg,data/raw/minerals_signal_data/images/tungsten_trend_2026-02-24.jpg
2026-02-02,620000.0,619000.0,920000.0,1100.0,1500000.0,1450.0,850000.0,580.0,860.0,RMB 1.5 Million! Tungsten Powder Prices Rise Yet Again!,http://news.chinatungsten.com/en/tungsten-product-news/174490-tpn-15999.html,data/raw/minerals_signal_data/images/tungsten_price_table_2026-02-02.jpg,data/raw/minerals_signal_data/images/tungsten_trend_2026-02-02.jpg
2026-02-03,632000.0,631000.0,940000.0,1100.0,1550.0,1500.0,870000.0,580.0,860.0,"Tungsten Prices Defy Trend - February 3, 2026",http://news.chinatungsten.com/en/tungsten-product-news/174489-tpn-16000.html,data/raw/minerals_signal_data/images/tungsten_price_table_2026-02-03.jpg,data/raw/minerals_signal_data/images/tungsten_trend_2026-02-03.jpg
2026-02-04,642000.0,641000.0,950000.0,1100.0,1580.0,1530.0,890000.0,580.0,860.0,"APT Price Surpasses RMB 950,000 - February 4, 2026",http://news.chinatungsten.com/en/tungsten-product-news/174497-tpn-16001.html,data/raw/minerals_signal_data/images/tungsten_price_table_2026-02-04.jpg,data/raw/minerals_signal_data/images/tungsten_trend_2026-02-04.jpg
2026-02-05,655000.0,654000.0,970000.0,1100.0,1600.0,1550.0,900000.0,580.0,860.0,"Tungsten Powder Price Reaches RMB 1600/kg - February 5, 2026",http://news.chinatungsten.com/en/tungsten-product-news/174505-tpn-16003.html,data/raw/minerals_signal_data/images/tungsten_price_table_2026-02-05.jpg,data/raw/minerals_signal_data/images/tungsten_trend_2026-02-05.jpg
2026-02-06,675000.0,674000.0,,1100.0,1650.0,1600000.0,920000.0,580.0,860.0,"APT Price Just a Step Away from One Million RMB - February 6, 2026",http://news.chinatungsten.com/en/tungsten-product-news/174524-tpn-16006.html,data/raw/minerals_signal_data/images/tungsten_price_table_2026-02-06.jpg,data/raw/minerals_signal_data/images/tungsten_trend_2026-02-06.jpg
2026-01-26,545000.0,544000.0,810000.0,1080.0,1300000.0,1250.0,755000.0,580.0,750.0,"APT Prices Soar Domestically and Internationally - January 26, 2026",http://news.chinatungsten.com/en/tungsten-product-news/174421-tpn-11931.html,data/raw/minerals_signal_data/images/tungsten_price_table_2026-01-26.jpg,data/raw/minerals_signal_data/images/tungsten_trend_2026-01-26.jpg
2026-01-27,,,,,1320000.0,,,,,From Gold to Tungsten: The Real Safe-Haven Star is Soaring,http://news.chinatungsten.com/en/tungsten-product-news/174456-tpn-11937.html,data/raw/minerals_signal_data/images/tungsten_price_table_2026-01-27.jpg,data/raw/minerals_signal_data/images/tungsten_trend_2026-01-27.jpg
2026-01-28,570000.0,569000.0,845000.0,1080.0,1400.0,1350.0,780000.0,580.0,790.0,"Tungsten Powder Price Surges to RMB 1400/kg - January 28, 2026",http://news.chinatungsten.com/en/tungsten-product-news/174455-tpn-11936.html,data/raw/minerals_signal_data/images/tungsten_price_table_2026-01-28.jpg,data/raw/minerals_signal_data/images/tungsten_trend_2026-01-28.jpg
2026-01-29,585000.0,584000.0,870000.0,1080.0,1450.0,1400.0,800000.0,580.0,810.0,"Tungsten Carbide Powder Prices Cross RMB 1400/kg, Up 34.6% YTD",http://news.chinatungsten.com/en/tungsten-product-news/174462-tpn-11938.html,data/raw/minerals_signal_data/images/tungsten_price_table_2026-01-29.jpg,data/raw/minerals_signal_data/images/tungsten_trend_2026-01-29.jpg
2026-01-30,514857.0,513524.0,757143.0,,1227.62,1185.24,715952.0,569.05,711.67,Average Prices of Tungsten Products in January 2026,http://news.chinatungsten.com/en/tungsten-product-news/174473-tpn-11941.html,data/raw/minerals_signal_data/images/tungsten_price_table_2026-01-30.jpg,data/raw/minerals_signal_data/images/tungsten_trend_2026-01-30.jpg
2026-01-19,512000.0,511000.0,755000.0,987.0,1220.0,1180.0,720000.0,580.0,710.0,"Bitter Cold of Late Winter, Tungsten Market Still Red-Hot",http://news.chinatungsten.com/en/tungsten-product-news/174357-tpn-11922.html,data/raw/minerals_signal_data/images/tungsten_price_table_2026-01-19.jpg,data/raw/minerals_signal_data/images/tungsten_trend_2026-01-19.jpg
2026-01-20,520000.0,519000.0,760000.0,987.0,1230.0,1190.0,725000.0,580.0,720.0,"Tungsten Concentrate Prices Reach RMB 520,000/ton - January 20, 2026",http://news.chinatungsten.com/en/tungsten-product-news/174363-tpn-11923.html,data/raw/minerals_signal_data/images/tungsten_price_table_2026-01-20.jpg,data/raw/minerals_signal_data/images/tungsten_trend_2026-01-20.jpg
2026-01-21,528000.0,527000.0,770000.0,987.0,1240.0,1200.0,735000.0,580.0,730.0,"Tungsten Carbide Powder Price Reaches RMB 1200/kg - January 21, 2026",http://news.chinatungsten.com/en/tungsten-product-news/174376-tpn-11926.html,data/raw/minerals_signal_data/images/tungsten_price_table_2026-01-21.jpg,data/raw/minerals_signal_data/images/tungsten_trend_2026-01-21.jpg
2026-01-22,530000.0,529000.0,785000.0,987.0,1250.0,1210.0,740000.0,580.0,730.0,"Tungsten Powder Prices Exceed RMB 1250/kg - January 22, 2026",http://news.chinatungsten.com/en/tungsten-product-news/174388-tpn-11928.html,data/raw/minerals_signal_data/images/tungsten_price_table_2026-01-22.jpg,
2026-01-23,540000.0,539000.0,795000.0,987.0,1270.0,1230.0,750000.0,580.0,735.0,"Tungsten Powder Prices Soar 300% - January 23, 2026",http://news.chinatungsten.com/en/tungsten-product-news/174397-tpn-11930.html,data/raw/minerals_signal_data/images/tungsten_price_table_2026-01-23.jpg,data/raw/minerals_signal_data/images/tungsten_trend_2026-01-23.jpg
2026-01-12,,492000.0,720000.0,950.0,1160.0,1120.0,680000.0,570.0,660.0,"Tungsten Prices Soar to New Highs, From Crow to Golden Phoenix",http://news.chinatungsten.com/en/tungsten-product-news/174300-tpn-11912.html,data/raw/minerals_signal_data/images/tungsten_price_table_2026-01-12.jpg,data/raw/minerals_signal_data/images/tungsten_trend_2026-01-12.jpg
2026-01-13,498000.0,497000.0,725000.0,950.0,1170.0,1130.0,690000.0,570.0,700.0,"Tungsten Concentrate Prices Approaching RMB 500,000/ton - January 13, 2026",http://news.chinatungsten.com/en/tungsten-product-news/174313-tpn-11914.html,data/raw/minerals_signal_data/images/tungsten_price_table_2026-01-13.jpg,data/raw/minerals_signal_data/images/tungsten_trend_2026-01-13.jpg
2026-01-14,,,,,,,,,,Why Tungsten Prices Are Rising? And What Could Derail the Rally?,http://news.chinatungsten.com/en/tungsten-product-news/174323-tpn-11916.html,,data/raw/minerals_signal_data/images/tungsten_trend_2026-01-14.jpg
2026-01-15,505000.0,504000.0,745000.0,950.0,1200.0,1160.0,710000.0,580.0,710.0,"Tungsten Powder Price Reaches RMB 1,200/kg - January 15, 2026",http://news.chinatungsten.com/en/tungsten-product-news/174330-tpn-11918.html,data/raw/minerals_signal_data/images/tungsten_price_table_2026-01-15.jpg,data/raw/minerals_signal_data/images/tungsten_trend_2026-01-15.jpg
2026-01-16,510000.0,509000.0,750000.0,950.0,500000.0,1170.0,715000.0,580.0,710.0,"APT Price Reaches RMB 750,000/ton - January 16, 2026",http://news.chinatungsten.com/en/tungsten-product-news/174342-tpn-11920.html,data/raw/minerals_signal_data/images/tungsten_price_table_2026-01-16.jpg,data/raw/minerals_signal_data/images/tungsten_trend_2026-01-16.jpg
2025-12-26,462000.0,461000.0,680000.0,825.0,1080.0,1040.0,655000.0,515.0,630.0,"Tungsten Waste and Scrap Prices Reduced - December 26, 2025",http://news.chinatungsten.com/en/tungsten-product-news/174247-tpn-11902.html,data/raw/minerals_signal_data/images/tungsten_price_table_2025-12-26.jpg,data/raw/minerals_signal_data/images/tungsten_trend_2025-12-26.jpg
2025-12-29,460000.0,459000.0,675000.0,825.0,1080.0,1040.0,655000.0,515.0,610.0,"APT Price Sees Slight Retreat - December 29, 2025",http://news.chinatungsten.com/en/tungsten-product-news/174252-tpn-11903.html,data/raw/minerals_signal_data/images/tungsten_price_table_2025-12-29.jpg,data/raw/minerals_signal_data/images/tungsten_trend_2025-12-29.jpg
2025-12-30,460000.0,459000.0,670000.0,825.0,1080.0,1040.0,655000.0,515.0,610.0,Tungsten Market Year-End Syndrome: Anxious yet Restrained,http://news.chinatungsten.com/en/tungsten-product-news/174261-tpn-11904.html,data/raw/minerals_signal_data/images/tungsten_price_table_2025-12-30.jpg,data/raw/minerals_signal_data/images/tungsten_trend_2025-12-30.jpg
2026-01-04,460000.0,459000.0,670000.0,825.0,1080.0,1040.0,650000.0,520.0,600.0,"Tungsten Market Steadies, Cobalt Prices Strengthen – January 4, 2026",http://news.chinatungsten.com/en/tungsten-product-news/174262-tpn-11905.html,data/raw/minerals_signal_data/images/tungsten_price_table_2026-01-04.jpg,data/raw/minerals_signal_data/images/tungsten_trend_2026-01-04.jpg
2026-01-05,460000.0,,670000.0,,1080.0,1040.0,650000.0,530.0,620.0,"Tungsten Waste and Scrap Prices Rise - January 5, 2026",http://news.chinatungsten.com/en/tungsten-product-news/174265-tpn-11906.html,data/raw/minerals_signal_data/images/tungsten_price_table_2026-01-05.jpg,data/raw/minerals_signal_data/images/tungsten_trend_2026-01-05.jpg
2026-01-06,464000.0,464000.0,680000.0,900.0,1100000.0,1060.0,655000.0,530.0,640.0,"Tungsten Powder Prices Exceed RMB 1.1 Million - January 6, 2026",http://news.chinatungsten.com/en/tungsten-product-news/174272-tpn-11907.html,data/raw/minerals_signal_data/images/tungsten_price_table_2026-01-06.jpg,data/raw/minerals_signal_data/images/tungsten_trend_2026-01-06.jpg
2026-01-07,468000.0,467000.0,685000.0,900.0,1120.0,1080.0,655000.0,560.0,660.0,"Tungsten Prices Rise, Watch for Black Swan Events - January 7, 2026",http://news.chinatungsten.com/en/tungsten-product-news/174289-tpn-11909.html,data/raw/minerals_signal_data/images/tungsten_price_table_2026-01-07.jpg,data/raw/minerals_signal_data/images/tungsten_trend_2026-01-07.jpg
2026-01-08,475000.0,474000.0,700000.0,900.0,1130.0,1090.0,660000.0,560.0,660.0,"APT Price Approaching RMB 700,000/ton - January 8, 2026",http://news.chinatungsten.com/en/tungsten-product-news/174292-tpn-11910.html,data/raw/minerals_signal_data/images/tungsten_price_table_2026-01-08.jpg,data/raw/minerals_signal_data/images/tungsten_trend_2026-01-08.jpg
2026-01-09,485000.0,,710000.0,900.0,1150000.0,1090.0,670000.0,570.0,660.0,"APT Price Reaches RMB 710,000/ton - January 9, 2026",http://news.chinatungsten.com/en/tungsten-product-news/174295-tpn-11911.html,data/raw/minerals_signal_data/images/tungsten_price_table_2026-01-09.jpg,data/raw/minerals_signal_data/images/tungsten_trend_2026-01-09.jpg
2025-10-27,285000.0,,610.0,610.0,630.0,615.0,392000.0,500.0,415.0,"Tungsten Market Remains Strong - October 27, 2025",http://news.chinatungsten.com/en/tungsten-product-news/174127-tpn-11892.html,data/raw/minerals_signal_data/images/tungsten_price_table_2025-10-27.jpg,data/raw/minerals_signal_data/images/tungsten_trend_2025-10-27.jpg
2025-10-28,288000.0,287000.0,425000.0,610.0,635.0,620.0,395000.0,500.0,420.0,"APT Price Hits New All-Time High - October 28, 2025",http://news.chinatungsten.com/en/tungsten-product-news/174144-tpn-11894.html,data/raw/minerals_signal_data/images/tungsten_price_table_2025-10-28.jpg,data/raw/minerals_signal_data/images/tungsten_trend_2025-10-28.jpg
2025-10-29,292000.0,291000.0,430000.0,610.0,645.0,630.0,400000.0,500.0,445.0,"Tungsten Concentrate Price Break Through RMB 290,000/ton - October 29, 2025",http://news.chinatungsten.com/en/tungsten-product-news/174181-tpn-11897.html,data/raw/minerals_signal_data/images/tungsten_price_table_2025-10-29.jpg,data/raw/minerals_signal_data/images/tungsten_trend_2025-10-29.jpg
2025-10-30,,,,,,,,,,Tungsten Mines Battle: Can the US Bets on Kazakhstan Shake China's Dominance?,http://news.chinatungsten.com/en/tungsten-product-news/174189-tpn-11899.html,,
2025-12-24,462000.0,461000.0,680000.0,825.0,1080.0,1040.0,655000.0,515.0,660.0,"Tungsten Price Increase Slows Down - December 24, 2025",http://news.chinatungsten.com/en/tungsten-product-news/174239-tpn-11900.html,data/raw/minerals_signal_data/images/tungsten_price_table_2025-12-24.jpg,data/raw/minerals_signal_data/images/tungsten_trend_2025-12-24.jpg
2025-12-25,462000.0,461000.0,680000.0,825.0,1080.0,1040.0,655000.0,515.0,650.0,"Tungsten Waste and Scrap Market Sees Profit-Taking - December 25, 2025",http://news.chinatungsten.com/en/tungsten-product-news/174240-tpn-11901.html,data/raw/minerals_signal_data/images/tungsten_price_table_2025-12-25.jpg,data/raw/minerals_signal_data/images/tungsten_trend_2025-12-25.jpg
2025-10-20,272000.0,271000.0,398000.0,600.0,615.0,600.0,385000.0,470.0,420.0,"Tungsten Market Rises Steadily, Cobalt Prices Surge Rapidly - October 20, 2025",http://news.chinatungsten.com/en/tungsten-product-news/174041-tpn-11884.html,data/raw/minerals_signal_data/images/tungsten_price_table_2025-10-20.jpg,data/raw/minerals_signal_data/images/tungsten_trend_2025-10-20.jpg
2025-10-21,275000.0,274000.0,403000.0,,620.0,605.0,386000.0,480.0,408.0,"Tungsten Prices Strengthen - October 21, 2025",http://news.chinatungsten.com/en/tungsten-product-news/174046-tpn-11885.html,data/raw/minerals_signal_data/images/tungsten_price_table_2025-10-21.jpg,data/raw/minerals_signal_data/images/tungsten_trend_2025-10-21.jpg
2025-10-22,278000.0,277000.0,408000.0,,625.0,610.0,388000.0,490.0,425.0,"Tungsten and Cobalt Prices Remain Strong - October 22, 2025",http://news.chinatungsten.com/en/tungsten-product-news/174075-tpn-11887.html,data/raw/minerals_signal_data/images/tungsten_price_table_2025-10-22.jpg,data/raw/minerals_signal_data/images/tungsten_trend_2025-10-22.jpg
2025-10-23,279000.0,278000.0,410000.0,600.0,625.0,610.0,388000.0,490.0,410.0,"APT Price Returns to RMB 410,000/ton - October 23, 2025",http://news.chinatungsten.com/en/tungsten-product-news/174098-tpn-11889.html,data/raw/minerals_signal_data/images/tungsten_price_table_2025-10-23.jpg,data/raw/minerals_signal_data/images/tungsten_trend_2025-10-23.jpg
2025-10-24,280000.0,279000.0,600.0,600.0,625.0,610.0,388000.0,490.0,410.0,"Tungsten Concentrate Price Rise Again to RMB 280,000/ton - October 24, 2025",http://news.chinatungsten.com/en/tungsten-product-news/174103-tpn-11890.html,data/raw/minerals_signal_data/images/tungsten_price_table_2025-10-24.jpg,data/raw/minerals_signal_data/images/tungsten_trend_2025-10-24.jpg
2025-10-14,270000.0,269000.0,393000.0,600.0,615.0,600.0,382000.0,430.0,395.0,"APT Prices Remain Stable - October 14, 2025",http://news.chinatungsten.com/en/tungsten-product-news/173874-tpn-11871.html,data/raw/minerals_signal_data/images/tungsten_price_table_2025-10-14.jpg,data/raw/minerals_signal_data/images/tungsten_trend_2025-10-14.jpg
2025-10-15,270000.0,269000.0,394000.0,600.0,615.0,600.0,382000.0,450.0,400.0,"APT Slightly Up, Cobalt Powder Surge Strongly - October 15, 2025",http://news.chinatungsten.com/en/tungsten-product-news/173964-tpn-11873.html,data/raw/minerals_signal_data/images/tungsten_price_table_2025-10-15.jpg,data/raw/minerals_signal_data/images/tungsten_trend_2025-10-15.jpg
2025-10-16,,,,,,,,,,Jiangxi Tungsten Concentrate Price Increase in September 2025,http://news.chinatungsten.com/en/tungsten-product-news/173989-tpn-11877.html,,
2025-10-17,271000.0,270000.0,395000.0,,615.0,600.0,382000.0,,420.0,"Wolframite and APT Prices Increased - October 17, 2025",http://news.chinatungsten.com/en/tungsten-product-news/173992-tpn-11878.html,data/raw/minerals_signal_data/images/tungsten_price_table_2025-10-17.jpg,data/raw/minerals_signal_data/images/tungsten_trend_2025-10-17.jpg
2025-10-10,270000.0,269000.0,393000.0,580.0,625.0,610.0,385000.0,430.0,370.0,"Tungsten Concentrate Price Slightly Lowered - October 10, 2025",http://news.chinatungsten.com/en/tungsten-product-news/173769-tpn-11863.html,data/raw/minerals_signal_data/images/tungsten_price_table_2025-10-10.jpg,data/raw/minerals_signal_data/images/tungsten_trend_2025-10-10.jpg
2025-10-11,,,,,,,,,,Average Price of White Tungsten Concentrate in Hubei Increased in August 2025,http://news.chinatungsten.com/en/tungsten-product-news/173787-tpn-11865.html,data/raw/minerals_signal_data/images/tungsten_price_table_2025-10-11.jpg,
2025-10-13,270000.0,,600.0,600.0,,595.0,84.0,,390.0,"Tungsten Carbide Powder Prices Weakened - October 13, 2025",http://news.chinatungsten.com/en/tungsten-product-news/173810-tpn-11869.html,data/raw/minerals_signal_data/images/tungsten_price_table_2025-10-13.jpg,data/raw/minerals_signal_data/images/tungsten_trend_2025-10-13.jpg
2025-09-29,271000.0,270000.0,393000.0,580.0,625.0,610.0,385000.0,,370.0,"Tungsten Market Fell Slightly - September 29, 2025",http://news.chinatungsten.com/en/tungsten-product-news/173722-tpn-11855.html,data/raw/minerals_signal_data/images/tungsten_price_table_2025-09-29.jpg,data/raw/minerals_signal_data/images/tungsten_trend_2025-09-29.jpg
2025-09-30,,,,,,,,,,Work Plan for Stabilizing Growth in Non-Ferrous Metal Industry Involves Tungsten and Rare Earth Sectors,http://news.chinatungsten.com/en/tungsten-product-news/173710-tpn-11854.html,,
2025-10-09,271000.0,,393000.0,,625.0,,385000.0,,385.0,"Tungsten Market Maintains Stability - October 9, 2025",http://news.chinatungsten.com/en/tungsten-product-news/173741-tpn-11860.html,data/raw/minerals_signal_data/images/tungsten_price_table_2025-10-09.jpg,data/raw/minerals_signal_data/images/tungsten_trend_2025-10-09.jpg
2025-09-23,275000.0,274000.0,400000.0,,630.0,615.0,395000.0,,370.0,"APT and Tungsten Carbide Powder Prices Under Pressure - September 23, 2025",http://news.chinatungsten.com/en/tungsten-product-news/173554-tpn-11840.html,data/raw/minerals_signal_data/images/tungsten_price_table_2025-09-23.jpg,data/raw/minerals_signal_data/images/tungsten_trend_2025-09-23.jpg
2025-09-24,273000.0,272000.0,398000.0,570.0,630.0,615.0,395000.0,360.0,370.0,"Tungsten Prices Weaken, Cobalt Prices Strengthen - September 24, 2025",http://news.chinatungsten.com/en/tungsten-product-news/173582-tpn-11842.html,data/raw/minerals_signal_data/images/tungsten_price_table_2025-09-24.jpg,data/raw/minerals_signal_data/images/tungsten_trend_2025-09-24.jpg
2025-09-25,,,,,,,,,,"Shaanxi Province Adds 91,100 Tons of Tungsten During the ""14th Five-Year Plan"" Period",http://news.chinatungsten.com/en/tungsten-product-news/173592-tpn-11844.html,,
2025-09-26,272000.0,271000.0,395000.0,570.0,630.0,615.0,390000.0,380.0,370.0,"Tungsten and Cobalt Prices Rise in Turn, Cemented Carbide Firms Struggle",http://news.chinatungsten.com/en/tungsten-product-news/173635-tpn-11848.html,data/raw/minerals_signal_data/images/tungsten_price_table_2025-09-26.jpg,data/raw/minerals_signal_data/images/tungsten_trend_2025-09-26.jpg
2025-09-28,272000.0,,395000.0,,630.0,615.0,390000.0,,385.0,"Tungsten Market Temporarily Stable - September 28, 2025",http://news.chinatungsten.com/en/tungsten-product-news/173640-tpn-11849.html,data/raw/minerals_signal_data/images/tungsten_price_table_2025-09-28.jpg,data/raw/minerals_signal_data/images/tungsten_trend_2025-09-28.jpg
2025-09-18,,,400000.0,,610.0,,402000.0,,,"Tungsten Prices Gap Widens - September 18, 2025",http://news.chinatungsten.com/en/tungsten-product-news/173512-tpn-11831.html,data/raw/minerals_signal_data/images/tungsten_price_table_2025-09-18.jpg,data/raw/minerals_signal_data/images/tungsten_trend_2025-09-18.jpg
2025-09-19,278000.0,277000.0,405000.0,,635.0,620.0,400000.0,,,"Tungsten Concentrate Falls 2.8% Weekly - September 19, 2025",http://news.chinatungsten.com/en/tungsten-product-news/173513-tpn-11832.html,data/raw/minerals_signal_data/images/tungsten_price_table_2025-09-19.jpg,data/raw/minerals_signal_data/images/tungsten_trend_2025-09-19.jpg
2025-09-22,276000.0,275000.0,402000.0,550.0,635.0,620.0,400000.0,,,"Tungsten Prices Fall, Cobalt Prices Double - September 22, 2025",http://news.chinatungsten.com/en/tungsten-product-news/173514-tpn-11833.html,data/raw/minerals_signal_data/images/tungsten_price_table_2025-09-22.jpg,data/raw/minerals_signal_data/images/tungsten_trend_2025-09-22.jpg
2025-09-11,288000.0,,,,650000.0,630000.0,410000.0,,,"Tungsten Waste and Scrap Prices Under Pressure - September 11, 2025",http://news.chinatungsten.com/en/tungsten-product-news/173281-tpn-11820.html,data/raw/minerals_signal_data/images/tungsten_price_table_2025-09-11.jpg,data/raw/minerals_signal_data/images/tungsten_trend_2025-09-11.jpg
2025-09-12,286000.0,285000.0,416000.0,535.0,645.0,630.0,410000.0,,,"Scrap Tungsten Bar Price Reduced - September 12, 2025",http://news.chinatungsten.com/en/tungsten-product-news/173452-tpn-11824.html,data/raw/minerals_signal_data/images/tungsten_price_table_2025-09-12.jpg,data/raw/minerals_signal_data/images/tungsten_trend_2025-09-12.jpg
2025-09-15,286000.0,285000.0,416000.0,550.0,645.0,630.0,410000.0,,420.0,"Tungsten Market Confidence Wavers - September 15, 2025",http://news.chinatungsten.com/en/tungsten-product-news/173453-tpn-11825.html,data/raw/minerals_signal_data/images/tungsten_price_table_2025-09-15.jpg,data/raw/minerals_signal_data/images/tungsten_trend_2025-09-15.jpg
2025-09-16,285000.0,284000.0,415000.0,550.0,640.0,625.0,410000.0,,400.0,"Tungsten Powder Price Reduction - September 16, 2025",http://news.chinatungsten.com/en/tungsten-product-news/173466-tpn-11827.html,data/raw/minerals_signal_data/images/tungsten_price_table_2025-09-16.jpg,data/raw/minerals_signal_data/images/tungsten_trend_2025-09-16.jpg
2025-09-17,282000.0,281000.0,410000.0,550.0,640.0,625.0,408000.0,,390.0,"Tungsten Waste and Scrap Market Sees Rapid Sell-Off - September 17, 2025",http://news.chinatungsten.com/en/tungsten-product-news/173483-tpn-11829.html,data/raw/minerals_signal_data/images/tungsten_price_table_2025-09-17.jpg,data/raw/minerals_signal_data/images/tungsten_trend_2025-09-17.jpg
2025-09-05,280000.0,279000.0,405000.0,495.0,630000.0,615.0,400000.0,,,"Tungsten Powder Price Reaches RMB 630,000 - September 5, 2025",http://news.chinatungsten.com/en/tungsten-product-news/173132-tpn-11810.html,data/raw/minerals_signal_data/images/tungsten_price_table_2025-09-05.jpg,data/raw/minerals_signal_data/images/tungsten_trend_2025-09-05.jpg
2025-09-08,286000.0,285000.0,415000.0,535.0,640.0,625.0,405000.0,,,Tungsten Concentrate and Tungsten Powder Prices Doubled,http://news.chinatungsten.com/en/tungsten-product-news/173155-tpn-11812.html,data/raw/minerals_signal_data/images/tungsten_price_table_2025-09-08.jpg,data/raw/minerals_signal_data/images/tungsten_trend_2025-09-08.jpg
2025-09-09,288000.0,287000.0,418000.0,535.0,645.0,630.0,410000.0,,,"Tungsten Market Volume-Price Divergence - September 9, 2025",http://news.chinatungsten.com/en/tungsten-product-news/173176-tpn-11814.html,data/raw/minerals_signal_data/images/tungsten_price_table_2025-09-09.jpg,data/raw/minerals_signal_data/images/tungsten_trend_2025-09-09.jpg
2025-09-10,288000.0,,418000.0,,645.0,630.0,410000.0,,,"Tungsten Market Sentiment Mixed, Quotations Disordered – September 10, 2025",http://news.chinatungsten.com/en/tungsten-product-news/173263-tpn-11818.html,data/raw/minerals_signal_data/images/tungsten_price_table_2025-09-10.jpg,data/raw/minerals_signal_data/images/tungsten_trend_2025-09-10.jpg
2025-08-29,163610.0,162610.0,240549.0,,359.95,353.4,245325.0,246.45,,Average Price of Tungsten Products from January to August 2025,http://news.chinatungsten.com/en/tungsten-product-news/173004-tpn-11799.html,data/raw/minerals_signal_data/images/tungsten_price_table_2025-08-29.jpg,data/raw/minerals_signal_data/images/tungsten_trend_2025-08-29.jpg
2025-09-01,264000.0,263000.0,10000.0,495.0,590.0,575.0,372000.0,,418.0,"Tungsten Concentrate and APT Prices Rise by Another RMB10,000 - September 1, 2025",http://news.chinatungsten.com/en/tungsten-product-news/173015-tpn-11802.html,data/raw/minerals_signal_data/images/tungsten_price_table_2025-09-01.jpg,data/raw/minerals_signal_data/images/tungsten_trend_2025-09-01.jpg
2025-09-02,272000.0,271000.0,400000.0,,600000.0,600000.0,390000.0,,,"Tungsten Carbide Powder Prices Exceeds RMB 600,000 - September 2, 2025",http://news.chinatungsten.com/en/tungsten-product-news/173052-tpn-11805.html,data/raw/minerals_signal_data/images/tungsten_price_table_2025-09-02.jpg,data/raw/minerals_signal_data/images/tungsten_trend_2025-09-02.jpg
2025-09-03,278000.0,277000.0,405000.0,,625.0,610.0,395000.0,,440.0,"Tungsten Prices Double Compared to 2024 Average - September 3, 2025",http://news.chinatungsten.com/en/tungsten-product-news/173085-tpn-11807.html,data/raw/minerals_signal_data/images/tungsten_price_table_2025-09-03.jpg,data/raw/minerals_signal_data/images/tungsten_trend_2025-09-03.jpg
2025-08-26,233000.0,232000.0,350000.0,,525.0,510.0,338000.0,,400.0,"Tungsten Prices Soared by More Than 60% - August 26, 2025",http://news.chinatungsten.com/en/tungsten-product-news/172927-tpn-11790.html,data/raw/minerals_signal_data/images/tungsten_price_table_2025-08-26.jpg,data/raw/minerals_signal_data/images/tungsten_trend_2025-08-26.jpg
2025-08-27,241000.0,240000.0,360000.0,,555.0,540.0,356000.0,,410.0,"Tungsten Market Sizzling Hot - August 27, 2025",http://news.chinatungsten.com/en/tungsten-product-news/172966-tpn-11792.html,data/raw/minerals_signal_data/images/tungsten_price_table_2025-08-27.jpg,data/raw/minerals_signal_data/images/tungsten_trend_2025-08-27.jpg
2025-08-28,245000.0,244000.0,365000.0,,570.0,555.0,360000.0,,412.0,"Tungsten Powder Price Surges Over 80% - August 28, 2025",http://news.chinatungsten.com/en/tungsten-product-news/173006-tpn-11800.html,data/raw/minerals_signal_data/images/tungsten_price_table_2025-08-28.jpg,data/raw/minerals_signal_data/images/tungsten_trend_2025-08-28.jpg
2025-08-21,216000.0,,322000.0,,485.0,470.0,322000.0,,,"Tungsten Powder Price Rise - August 21, 2025",http://news.chinatungsten.com/en/tungsten-product-news/172829-tpn-11780.html,data/raw/minerals_signal_data/images/tungsten_price_table_2025-08-21.jpg,data/raw/minerals_signal_data/images/tungsten_trend_2025-08-21.jpg
2025-08-22,222000.0,221000.0,330000.0,,500000.0,485.0,328000.0,,,"Tungsten Powder Price Reaches RMB 500,000 - August 22, 2025",http://news.chinatungsten.com/en/tungsten-product-news/172864-tpn-11785.html,data/raw/minerals_signal_data/images/tungsten_price_table_2025-08-22.jpg,data/raw/minerals_signal_data/images/tungsten_trend_2025-08-22.jpg
2025-08-23,,,,,,,,,,Exploration and Utilization of Strategic Mineral Resources like Tungsten and Rare Earth in Jiangxi,http://news.chinatungsten.com/en/tungsten-product-news/172886-tpn-11787.html,,
2025-08-25,226000.0,225000.0,340000.0,485.0,510.0,495.0,330000.0,,,"APT Price Soars to RMB 340,000 - August 25, 2025",http://news.chinatungsten.com/en/tungsten-product-news/172900-tpn-11789.html,data/raw/minerals_signal_data/images/tungsten_price_table_2025-08-25.jpg,data/raw/minerals_signal_data/images/tungsten_trend_2025-08-25.jpg
2025-08-15,203000.0,202000.0,300000.0,485.0,450000.0,440.0,305000.0,,,A Historic Moment! APT Price Breaks RMB 300000 Mark,http://news.chinatungsten.com/en/tungsten-product-news/172750-tpn-11771.html,data/raw/minerals_signal_data/images/tungsten_price_table_2025-08-15.jpg,data/raw/minerals_signal_data/images/tungsten_trend_2025-08-15.jpg
2025-08-18,206000.0,205000.0,306000.0,485.0,455.0,445.0,307000.0,,,"Tungsten Prices Keep Rising - August 18, 2025",http://news.chinatungsten.com/en/tungsten-product-news/172751-tpn-11772.html,data/raw/minerals_signal_data/images/tungsten_price_table_2025-08-18.jpg,data/raw/minerals_signal_data/images/tungsten_trend_2025-08-18.jpg
2025-08-19,200000.0,,300000.0,,450000.0,,,,,Why are Tungsten Prices Skyrocketing?,http://news.chinatungsten.com/en/tungsten-product-news/172768-tpn-11774.html,data/raw/minerals_signal_data/images/tungsten_price_table_2025-08-19.jpg,data/raw/minerals_signal_data/images/tungsten_trend_2025-08-19.jpg
2025-08-20,216000.0,215000.0,320000.0,,475.0,465.0,320000.0,,,"Tungsten Market Fever Persists - August 20, 2025",http://news.chinatungsten.com/en/tungsten-product-news/172819-tpn-11778.html,data/raw/minerals_signal_data/images/tungsten_price_table_2025-08-20.jpg,data/raw/minerals_signal_data/images/tungsten_trend_2025-08-20.jpg
2025-08-11,198000.0,,290000.0,485.0,436.0,426.0,297000.0,,,"APT Price Reaches RMB 290,000/ton - August 11, 2025",http://news.chinatungsten.com/en/tungsten-product-news/172486-tpn-11761.html,data/raw/minerals_signal_data/images/tungsten_price_table_2025-08-11.jpg,data/raw/minerals_signal_data/images/tungsten_trend_2025-08-11.jpg
2025-08-12,,,,,,,,,,Zhangyuan Tungsten Industry Revenue Rose Over 30% in H1 2025,http://news.chinatungsten.com/en/tungsten-product-news/172607-tpn-11765.html,,
2025-08-14,201000.0,200000.0,296000.0,,445.0,435.0,303000.0,,,"APT and Tungsten Powder Prices Soar - August 14, 2025",http://news.chinatungsten.com/en/tungsten-product-news/172749-tpn-11770.html,data/raw/minerals_signal_data/images/tungsten_price_table_2025-08-14.jpg,data/raw/minerals_signal_data/images/tungsten_trend_2025-08-14.jpg
2025-08-04,,,,,,,,,,"Domestic Tungsten Prices Dip Slightly, International Tungsten Prices Stay Strong",http://news.chinatungsten.com/en/tungsten-product-news/172354-tpn-11750.html,data/raw/minerals_signal_data/images/tungsten_price_table_2025-08-04.jpg,data/raw/minerals_signal_data/images/tungsten_trend_2025-08-04.jpg
2025-08-05,,,285000.0,,435.0,425.0,290000.0,,,"Tungsten Powder and Cobalt Powder Prices Strengthen - August 5, 2025",http://news.chinatungsten.com/en/tungsten-product-news/172388-tpn-11753.html,data/raw/minerals_signal_data/images/tungsten_price_table_2025-08-05.jpg,
2025-08-06,,,,,,,,,,"Tungsten Prices Remain Stable - August 6, 2025",http://news.chinatungsten.com/en/tungsten-product-news/172393-tpn-11754.html,data/raw/minerals_signal_data/images/tungsten_price_table_2025-08-06.jpg,
2025-08-07,196000.0,,286000.0,,435.0,425.0,292000.0,,,"Wolframite Concentrate Prices Firm, Scrap Tungsten Trends Vary",http://news.chinatungsten.com/en/tungsten-product-news/172430-tpn-11757.html,data/raw/minerals_signal_data/images/tungsten_price_table_2025-08-07.jpg,data/raw/minerals_signal_data/images/tungsten_trend_2025-08-07.jpg
2025-08-08,196000.0,195000.0,288000.0,475.0,436.0,426.0,295000.0,300.0,322.0,"APT and Ferrotungsten Prices Strengthen - August 8, 2025",http://news.chinatungsten.com/en/tungsten-product-news/172447-tpn-11758.html,data/raw/minerals_signal_data/images/tungsten_price_table_2025-08-08.jpg,data/raw/minerals_signal_data/images/tungsten_trend_2025-08-08.jpg
2025-07-30,195000.0,,286000.0,,430.0,420.0,290000.0,,,"Tungsten Powder Price Soars to RMB 430/kg - July 30, 2025",http://news.chinatungsten.com/en/tungsten-product-news/172303-tpn-11740.html,data/raw/minerals_signal_data/images/tungsten_price_table_2025-07-30.jpg,data/raw/minerals_signal_data/images/tungsten_trend_2025-07-30.jpg
2025-07-31,156546.0,155546.0,,,343.22,337.42,235127.0,238.56,,Average Price of Tungsten Products from January to July 2025,http://news.chinatungsten.com/en/tungsten-product-news/172322-tpn-11743.html,data/raw/minerals_signal_data/images/tungsten_price_table_2025-07-31.jpg,data/raw/minerals_signal_data/images/tungsten_trend_2025-07-31.jpg
2025-08-01,195000.0,194000.0,286000.0,460.0,430.0,420.0,290000.0,,322.0,"Tungsten Market Stabilizes - August 1, 2025",http://news.chinatungsten.com/en/tungsten-product-news/172331-tpn-11745.html,data/raw/minerals_signal_data/images/tungsten_price_table_2025-08-01.jpg,data/raw/minerals_signal_data/images/tungsten_trend_2025-08-01.jpg
2025-07-25,190000.0,189000.0,280000.0,,418.0,408.0,285000.0,,,"Surging 30%, Tungsten Ore Price Reaches RMB 190,000!",http://news.chinatungsten.com/en/tungsten-product-news/172210-tpn-11731.html,data/raw/minerals_signal_data/images/tungsten_price_table_2025-07-25.jpg,data/raw/minerals_signal_data/images/tungsten_trend_2025-07-25.jpg
2025-07-28,,,,,,,,,,2025 China 500: Tungsten Enterprises,http://news.chinatungsten.com/en/tungsten-product-news/172234-tpn-11735.html,,
2025-07-29,,,,,,,,,,Tungsten Market: Urgent Need to Balance High Prices and Risks,http://news.chinatungsten.com/en/tungsten-product-news/172246-tpn-11738.html,,data/raw/minerals_signal_data/images/tungsten_trend_2025-07-29.jpg
2025-07-21,,,,,,,,,,Yarlung Zangbo River Downstream Hydropower Project Benefits Tungsten Industry,http://news.chinatungsten.com/en/tungsten-product-news/172076-tpn-11721.html,,
2025-07-22,184000.0,183000.0,268000.0,460.0,400.0,390.0,268000.0,,,Tungsten Prices Surge and Policies Support Drive New Industry Cycle,http://news.chinatungsten.com/en/tungsten-product-news/172109-tpn-11723.html,data/raw/minerals_signal_data/images/tungsten_price_table_2025-07-22.jpg,data/raw/minerals_signal_data/images/tungsten_trend_2025-07-22.jpg
2025-07-23,185000.0,184000.0,,,405.0,395.0,273000.0,,,"Tungsten Prices Soar to the Skies - July 23, 2025",http://news.chinatungsten.com/en/tungsten-product-news/172145-tpn-11726.html,data/raw/minerals_signal_data/images/tungsten_price_table_2025-07-23.jpg,data/raw/minerals_signal_data/images/tungsten_trend_2025-07-23.jpg
2025-07-24,187000.0,186000.0,276000.0,,408.0,398.0,278000.0,,315.0,Is It Normal for Tungsten Prices to Remain High?,http://news.chinatungsten.com/en/tungsten-product-news/172199-tpn-11729.html,data/raw/minerals_signal_data/images/tungsten_price_table_2025-07-24.jpg,data/raw/minerals_signal_data/images/tungsten_trend_2025-07-24.jpg
2025-07-15,,,,,,,,,,"Tungsten Market Factors Analysis - July 15, 2025",http://news.chinatungsten.com/en/tungsten-product-news/171937-tpn-11710.html,,
2025-07-16,179000.0,,260000.0,,392.0,382.0,265000.0,,,"APT Price Hits RMB 260,000/ton - July 16, 2025",http://news.chinatungsten.com/en/tungsten-product-news/171977-tpn-11713.html,data/raw/minerals_signal_data/images/tungsten_price_table_2025-07-16.jpg,data/raw/minerals_signal_data/images/tungsten_trend_2025-07-16.jpg
2025-07-18,181000.0,180000.0,265000.0,460.0,395.0,385.0,266000.0,,282.0,"Tungsten Prices Soar, Smelting Sector Under Pressure",http://news.chinatungsten.com/en/tungsten-product-news/172040-tpn-11717.html,data/raw/minerals_signal_data/images/tungsten_price_table_2025-07-18.jpg,data/raw/minerals_signal_data/images/tungsten_trend_2025-07-18.jpg
2025-07-10,,,,,,,,,,Tungsten Dual Role: Reflections Under the Surge of New Energy Vehicles,http://news.chinatungsten.com/en/tungsten-product-news/171866-tpn-11704.html,,
2025-07-11,176500.0,175500.0,256000.0,,385.0,376.0,263000.0,,264.0,"Tungsten Prices Hit New Highs - July 11, 2025",http://news.chinatungsten.com/en/tungsten-product-news/171871-tpn-11705.html,data/raw/minerals_signal_data/images/tungsten_price_table_2025-07-11.jpg,data/raw/minerals_signal_data/images/tungsten_trend_2025-07-11.jpg
2025-07-14,177000.0,,257000.0,460.0,385.0,376.0,263000.0,,,"Tungsten Prices Soar at Home and Abroad - July 14, 2025",http://news.chinatungsten.com/en/tungsten-product-news/171918-tpn-11708.html,data/raw/minerals_signal_data/images/tungsten_price_table_2025-07-14.jpg,data/raw/minerals_signal_data/images/tungsten_trend_2025-07-14.jpg
2025-07-03,173500.0,,253000.0,,378.0,370.0,258000.0,,,"APT and Scrap Tungsten Prices Raised - July 3, 2025",http://news.chinatungsten.com/en/tungsten-product-news/171697-tpn-11690.html,data/raw/minerals_signal_data/images/tungsten_price_table_2025-07-03.jpg,
2025-07-04,174000.0,,253000.0,440.0,378.0,371.0,,,,"Tungsten Ore Price Hits New High - July 4, 2025",http://news.chinatungsten.com/en/tungsten-product-news/171724-tpn-11692.html,data/raw/minerals_signal_data/images/tungsten_price_table_2025-07-04.jpg,
2025-07-07,174000.0,,253000.0,,378.0,371.0,,,,"APT Long-Order Purchase Price Increased - July 7, 2025",http://news.chinatungsten.com/en/tungsten-product-news/171769-tpn-11695.html,data/raw/minerals_signal_data/images/tungsten_price_table_2025-07-07.jpg,
2025-07-08,,,,,,,,,,"Tungsten Raw Material Prices Hit a New High - July 8, 2025",http://news.chinatungsten.com/en/tungsten-product-news/171789-tpn-11696.html,data/raw/minerals_signal_data/images/tungsten_price_table_2025-07-08.jpg,
2025-07-09,175000.0,,255000.0,,381.0,373.0,260000.0,,,"Tungsten Prices Soars Unabated - July 9, 2025",http://news.chinatungsten.com/en/tungsten-product-news/171803-tpn-11698.html,data/raw/minerals_signal_data/images/tungsten_price_table_2025-07-09.jpg,data/raw/minerals_signal_data/images/tungsten_trend_2025-07-09.jpg
2025-06-30,151800.0,150800.0,223200.0,,332.99,327.84,,231.65,,Average Price of Tungsten Products in the First Half of 2025,http://news.chinatungsten.com/en/tungsten-product-news/171592-tpn-11684.html,data/raw/minerals_signal_data/images/tungsten_price_table_2025-06-30.jpg,
2025-07-01,173000.0,,252000.0,,378.0,370.0,258000.0,,,Tungsten Market Starts the Second Half of 2025 Strongly,http://news.chinatungsten.com/en/tungsten-product-news/171596-tpn-11685.html,data/raw/minerals_signal_data/images/tungsten_price_table_2025-07-01.jpg,data/raw/minerals_signal_data/images/tungsten_trend_2025-07-01.jpg
2025-07-02,173000.0,,252000.0,,378.0,370.0,258000.0,,,"Tungsten Market Stable, Photovoltaic Applications May Decline",http://news.chinatungsten.com/en/tungsten-product-news/171642-tpn-11686.html,data/raw/minerals_signal_data/images/tungsten_price_table_2025-07-02.jpg,
2025-06-23,172500.0,171500.0,252000.0,430.0,378.0,372.0,258000.0,,,"China's Tungsten Prices Hold Steady, European APT Price Surges",http://news.chinatungsten.com/en/tungsten-product-news/171329-tpn-11672.html,data/raw/minerals_signal_data/images/tungsten_price_table_2025-06-23.jpg,data/raw/minerals_signal_data/images/tungsten_trend_2025-06-23.jpg
2025-06-24,172500.0,,252000.0,,378.0,372.0,258000.0,,,Tungsten Market: Cost vs. Demand Tug-of-War,http://news.chinatungsten.com/en/tungsten-product-news/171349-tpn-11673.html,data/raw/minerals_signal_data/images/tungsten_price_table_2025-06-24.jpg,
2025-06-25,172000.0,,251000.0,,377.0,370.0,258000.0,,,"Tungsten Prices Slightly Weakened - June 25, 2025",http://news.chinatungsten.com/en/tungsten-product-news/171357-tpn-11675.html,data/raw/minerals_signal_data/images/tungsten_price_table_2025-06-25.jpg,
2025-06-26,172000.0,,251000.0,,377.0,370.0,258000.0,,,Tungsten Supply Chain: Upstream and Downstream Stand Their Ground,http://news.chinatungsten.com/en/tungsten-product-news/171442-tpn-11677.html,data/raw/minerals_signal_data/images/tungsten_price_table_2025-06-26.jpg,data/raw/minerals_signal_data/images/tungsten_trend_2025-06-26.jpg
2025-06-27,172000.0,,251000.0,430.0,377.0,370.0,51.7,,,"Deep Supply-Demand Game in the Tungsten Market - June 27, 2025",http://news.chinatungsten.com/en/tungsten-product-news/171489-tpn-11679.html,data/raw/minerals_signal_data/images/tungsten_price_table_2025-06-27.jpg,data/raw/minerals_signal_data/images/tungsten_trend_2025-06-27.jpg
2025-06-17,172500.0,,252000.0,,378.0,372.0,258000.0,,,"Tungsten Market Stalemate Persists - June 17, 2025",http://news.chinatungsten.com/en/tungsten-product-news/171214-tpn-11660.html,data/raw/minerals_signal_data/images/tungsten_price_table_2025-06-17.jpg,
2025-06-18,172500.0,,252000.0,,378.0,372.0,258000.0,,,"Tungsten Ore and APT Prices Remain Stable - June 18, 2025",http://news.chinatungsten.com/en/tungsten-product-news/171247-tpn-11662.html,data/raw/minerals_signal_data/images/tungsten_price_table_2025-06-18.jpg,
2025-06-19,,,,,,,,,,First Discovery of Tungsten at Apollo Deposit in Colombia,http://news.chinatungsten.com/en/tungsten-product-news/171277-tpn-11668.html,,
2025-06-20,172500.0,171500.0,252000.0,410.0,378.0,372.0,258000.0,,,"Tungsten Prices Stall After 20% Broad Surge - June 20, 2025",http://news.chinatungsten.com/en/tungsten-product-news/171300-tpn-11669.html,data/raw/minerals_signal_data/images/tungsten_price_table_2025-06-20.jpg,data/raw/minerals_signal_data/images/tungsten_trend_2025-06-20.jpg
2025-06-10,,,253000.0,410.0,378.0,373.0,,,,European APT Price Has Risen 30% This Year,http://news.chinatungsten.com/en/tungsten-product-news/171095-tpn-11652.html,data/raw/minerals_signal_data/images/tungsten_price_table_2025-06-10.jpg,data/raw/minerals_signal_data/images/tungsten_trend_2025-06-10.jpg
2025-06-11,174000.0,,,,378.0,373.0,258000.0,,,"Tungsten Ore and Ferrotungsten Prices Remain Stable - June 11, 2025",http://news.chinatungsten.com/en/tungsten-product-news/171074-tpn-11651.html,data/raw/minerals_signal_data/images/tungsten_price_table_2025-06-11.jpg,
2025-06-13,173000.0,,,,378.0,373.0,258000.0,,,"Tungsten Prices Temporarily Stable - June 13, 2025",http://news.chinatungsten.com/en/tungsten-product-news/171119-tpn-11655.html,data/raw/minerals_signal_data/images/tungsten_price_table_2025-06-13.jpg,data/raw/minerals_signal_data/images/tungsten_trend_2025-06-13.jpg
2025-06-16,172000.0,,252000.0,,378.0,372.0,,,,"Tungsten Prices Experience a Slight Periodic Decline - June 16, 2025",http://news.chinatungsten.com/en/tungsten-product-news/171142-tpn-11657.html,data/raw/minerals_signal_data/images/tungsten_price_table_2025-06-16.jpg,data/raw/minerals_signal_data/images/tungsten_trend_2025-06-16.jpg
2025-06-03,172000.0,,,,370.0,364.0,251000.0,265.0,,Tungsten Powder Price Reaches RMB 370/kg,http://news.chinatungsten.com/en/tungsten-product-news/170758-tpn-11640.html,data/raw/minerals_signal_data/images/tungsten_price_table_2025-06-03.jpg,
2025-06-04,,,,,,,,,,The Tungsten Electrode Production Project in Jiande City Is Expected to Begin Operation in August,http://news.chinatungsten.com/en/tungsten-product-news/170810-tpn-11642.html,,
2025-06-05,172000.0,,,,373.0,368.0,255000.0,,,Tungsten Powder Price Rise by 18% This Year,http://news.chinatungsten.com/en/tungsten-product-news/170854-tpn-11644.html,data/raw/minerals_signal_data/images/tungsten_price_table_2025-06-05.jpg,data/raw/minerals_signal_data/images/tungsten_trend_2025-06-05.jpg
2025-06-06,,,,,385.0,,,,,"Tungsten Prices Hit New Highs - June 6, 2025",http://news.chinatungsten.com/en/tungsten-product-news/170903-tpn-11647.html,data/raw/minerals_signal_data/images/tungsten_price_table_2025-06-06.jpg,data/raw/minerals_signal_data/images/tungsten_trend_2025-06-06.jpg
2025-06-09,173000.0,,253000.0,,378.0,373.0,256000.0,,,"Tungsten Prices Temporarily Stable - June 9, 2025",http://news.chinatungsten.com/en/tungsten-product-news/171011-tpn-11649.html,data/raw/minerals_signal_data/images/tungsten_price_table_2025-06-09.jpg,data/raw/minerals_signal_data/images/tungsten_trend_2025-06-09.jpg
2025-05-26,165000.0,,244000.0,,360.0,355.0,248000.0,,,Tungsten Concentrate and APT Latest Prices - May. 26 2025,http://news.chinatungsten.com/en/tungsten-product-news/170576-tpn-11628.html,data/raw/minerals_signal_data/images/tungsten_price_table_2025-05-26.jpg,
2025-05-27,,,244000.0,,360.0,360.0,,,,"Tungsten Market Remains Stable at High Level - May 27, 2025",http://news.chinatungsten.com/en/tungsten-product-news/170608-tpn-11631.html,data/raw/minerals_signal_data/images/tungsten_price_table_2025-05-27.jpg,
2025-05-28,167000.0,,246000.0,,362.0,357.0,,,,"Tungsten Prices Rises Again - May 28, 2025",http://news.chinatungsten.com/en/tungsten-product-news/170668-tpn-11633.html,data/raw/minerals_signal_data/images/tungsten_price_table_2025-05-28.jpg,
2025-05-29,171000.0,170000.0,250000.0,,366.0,360.0,250000.0,,,"Tungsten Ore Price Breaks Through 170,000 Mark",http://news.chinatungsten.com/en/tungsten-product-news/170714-tpn-11636.html,data/raw/minerals_signal_data/images/tungsten_price_table_2025-05-29.jpg,data/raw/minerals_signal_data/images/tungsten_trend_2025-05-29.jpg
2025-05-30,,,,,,,,,,Tungsten Prices Keep Hitting New Highs: Exercise Caution,http://news.chinatungsten.com/en/tungsten-product-news/170727-tpn-11638.html,data/raw/minerals_signal_data/images/tungsten_price_table_2025-05-30.jpg,data/raw/minerals_signal_data/images/tungsten_trend_2025-05-30.jpg
2025-05-20,,,,,,,,,,Jiangxi Releases New Geological Data Directory for Tungsten and Rare Earth in Q4 2024,http://news.chinatungsten.com/en/tungsten-product-news/170447-tpn-11619.html,,
2025-05-21,,,,,,,,,,Jiangxi Tungsten Enterprises Raise Quotations by Over 8%,http://news.chinatungsten.com/en/tungsten-product-news/170476-tpn-11622.html,data/raw/minerals_signal_data/images/tungsten_price_table_2025-05-21.jpg,
2025-05-22,,,,,,,,,,Brief Analysis of the Logic of Tungsten Prices Fluctuations,http://news.chinatungsten.com/en/tungsten-product-news/170507-tpn-11624.html,data/raw/minerals_signal_data/images/tungsten_price_table_2025-05-22.jpg,
2025-05-23,166000.0,,244000.0,,360.0,355.0,248000.0,,,"Tungsten Market Cools Off This Week - May 23, 2025",http://news.chinatungsten.com/en/tungsten-product-news/170567-tpn-11626.html,data/raw/minerals_signal_data/images/tungsten_price_table_2025-05-23.jpg,data/raw/minerals_signal_data/images/tungsten_trend_2025-05-23.jpg
2025-05-15,162000.0,,238000.0,,348.0,343.0,246000.0,,,Tungsten Ore Price Surges Over 15%,http://news.chinatungsten.com/en/tungsten-product-news/170345-tpn-13726.html,data/raw/minerals_signal_data/images/tungsten_price_table_2025-05-15.jpg,data/raw/minerals_signal_data/images/tungsten_trend_2025-05-15.jpg
2025-05-16,168000.0,167000.0,248000.0,,358.0,353.0,248000.0,,,APT Surges Over 4% in a Single Day,http://news.chinatungsten.com/en/tungsten-product-news/170416-tpn-13729.html,data/raw/minerals_signal_data/images/tungsten_price_table_2025-05-16.jpg,data/raw/minerals_signal_data/images/tungsten_trend_2025-05-16.jpg
2025-05-19,,,,,,,,,,"Tungsten Prices Stay High, Market Stays Calm",http://news.chinatungsten.com/en/tungsten-product-news/170418-tpn-13730.html,data/raw/minerals_signal_data/images/tungsten_price_table_2025-05-19.jpg,data/raw/minerals_signal_data/images/tungsten_trend_2025-05-19.jpg
2025-05-08,,,,,,,,,,"Tungsten Prices Stay Strong - May 8, 2025",http://news.chinatungsten.com/en/tungsten-product-news/170220-tpn-13715.html,data/raw/minerals_signal_data/images/tungsten_price_table_2025-05-08.jpg,
2025-05-09,154000.0,,226000.0,,338.0,333.0,236000.0,,,"Tungsten Prices Surge Unstoppably - May 9, 2025",http://news.chinatungsten.com/en/tungsten-product-news/170241-tpn-13718.html,data/raw/minerals_signal_data/images/tungsten_price_table_2025-05-09.jpg,data/raw/minerals_signal_data/images/tungsten_trend_2025-05-09.jpg
2025-05-12,,,,,,,,,,China Combats Smuggling and Illegal Export of Strategic Minerals Such as Tungsten and Rare Earths,http://news.chinatungsten.com/en/tungsten-product-news/170251-tpn-13720.html,,
2025-05-13,,,,,,,,,,"China-US Tariff Ease, Tungsten Prices Surge",http://news.chinatungsten.com/en/tungsten-product-news/170313-tpn-13723.html,data/raw/minerals_signal_data/images/tungsten_price_table_2025-05-13.jpg,data/raw/minerals_signal_data/images/tungsten_trend_2025-05-13.jpg
2025-05-14,,,,,,,,,,Tungsten Price Hits New High - May. 14 2025,http://news.chinatungsten.com/en/tungsten-product-news/170314-tpn-13724.html,data/raw/minerals_signal_data/images/tungsten_price_table_2025-05-14.jpg,data/raw/minerals_signal_data/images/tungsten_trend_2025-05-14.jpg
2025-04-28,150000.0,,220000.0,,328.0,323.0,223000.0,,,"Tungsten Prices Surge Continues - April 28, 2025",http://news.chinatungsten.com/en/tungsten-product-news/170011-tpn-13704.html,data/raw/minerals_signal_data/images/tungsten_price_table_2025-04-28.jpg,
2025-04-29,150000.0,,220000.0,,329.0,324.0,226000.0,,,Tungsten Market Remains Strong Before May Day,http://news.chinatungsten.com/en/tungsten-product-news/170073-tpn-13706.html,data/raw/minerals_signal_data/images/tungsten_price_table_2025-04-29.jpg,
2025-04-30,,,,,,,,,,China Tungsten Market in April 2025: Supply Side Drives Up Prices,http://news.chinatungsten.com/en/tungsten-product-news/170102-tpn-13710.html,data/raw/minerals_signal_data/images/tungsten_price_table_2025-04-30.jpg,data/raw/minerals_signal_data/images/tungsten_trend_2025-04-30.jpg
2025-05-06,151000.0,,221000.0,,330.0,325.0,228000.0,,,"Tungsten Market Stable, Awaiting Long-Term Contract Pricing Guidance",http://news.chinatungsten.com/en/tungsten-product-news/170134-tpn-13711.html,data/raw/minerals_signal_data/images/tungsten_price_table_2025-05-06.jpg,
2025-05-07,152000.0,,,,332.0,327.0,230000.0,,,Tungsten Prices Soar Again!,http://news.chinatungsten.com/en/tungsten-product-news/170188-tpn-13713.html,data/raw/minerals_signal_data/images/tungsten_price_table_2025-05-07.jpg,
2025-04-23,147000.0,,,,322.0,317.0,,,,Tungsten Concentrate and Tungsten Powder Prices Remain Strong,http://news.chinatungsten.com/en/tungsten-product-news/169783-tpn-13693.html,data/raw/minerals_signal_data/images/tungsten_price_table_2025-04-23.jpg,
2025-04-24,,,,,,,,,,Core Logic Behind the Current Tungsten Price Surge,http://news.chinatungsten.com/en/tungsten-product-news/169856-tpn-13697.html,data/raw/minerals_signal_data/images/tungsten_price_table_2025-04-24.jpg,
2025-04-25,,,,,,,,,,"Tungsten: The ""Invisible Cultivator"" of the Smart Agriculture Era",http://news.chinatungsten.com/en/tungsten-product-news/169945-tpn-13700.html,,
2025-04-27,,,218000.0,,326.0,321.0,223000.0,,,Latest Prices of Tungsten Concentrate and Tungsten Carbide Powder,http://news.chinatungsten.com/en/tungsten-product-news/169961-tpn-13701.html,data/raw/minerals_signal_data/images/tungsten_price_table_2025-04-27.jpg,
2025-04-18,145000.0,,214000.0,,319.0,314.0,220000.0,,,"Tungsten Prices Rise, But Trading Activity Low",http://news.chinatungsten.com/en/tungsten-product-news/169702-tpn-13685.html,data/raw/minerals_signal_data/images/tungsten_price_table_2025-04-18.jpg,
2025-04-21,,,,,,,,,,U.S. Critical Minerals Review: The Strategic Role and Global Impact of Tungsten,http://news.chinatungsten.com/en/tungsten-product-news/169720-tpn-13688.html,,
2025-04-22,,,,,,,,,,Total Control Index of Tungsten Mining in 2025 (First Batch),http://news.chinatungsten.com/en/tungsten-product-news/169740-tpn-13692.html,,
2025-04-15,,,,,,,,,,Risk Alert for China's Tungsten Industry Amid Escalating China-US Trade Friction,http://news.chinatungsten.com/en/tungsten-product-news/169625-tpn-13676.html,,
2025-04-16,144000.0,,214000.0,,318.0,313.0,,268.0,,Tungsten and Cobalt Raw Materials Drive Up Tungsten Cemented Carbide Prices,http://news.chinatungsten.com/en/tungsten-product-news/169630-tpn-13677.html,data/raw/minerals_signal_data/images/tungsten_price_table_2025-04-16.jpg,
2025-04-17,145000.0,,,,319.0,314.0,220000.0,,,Tungsten Concentrate and Tungsten Carbide Powder Prices Are Rising,http://news.chinatungsten.com/en/tungsten-product-news/169701-tpn-13684.html,data/raw/minerals_signal_data/images/tungsten_price_table_2025-04-17.jpg,
2025-04-10,,,,,,,,,,"U.S. ""Reciprocal Tariff"" Exemption List - Tungsten Products Involved",http://news.chinatungsten.com/en/tungsten-product-news/169444-tpn-13667.html,,
2025-04-11,,,,,,,,,,New Opportunities for China's Tungsten Cemented Carbide Industry amidst the US-China Tariff Dispute,http://news.chinatungsten.com/en/tungsten-product-news/169533-tpn-13671.html,,
2025-04-14,144000.0,,,,318.0,313.0,219000.0,,,"Tungsten Concentrate and APT Prices on April 14, 2025",http://news.chinatungsten.com/en/tungsten-product-news/169623-tpn-13674.html,data/raw/minerals_signal_data/images/tungsten_price_table_2025-04-14.jpg,
2025-04-03,,,,,,,,,,"Tungsten Enables the ""Cang Yuan Hao"" TBM to Roll Off the Production Line Successfully",http://news.chinatungsten.com/en/tungsten-product-news/169275-tpn-13656.html,,
2025-04-07,,,,,,,,,,"China Imposes 34% Tariffs on the United States, Which Will Affect the Tungsten Industry",http://news.chinatungsten.com/en/tungsten-product-news/169304-tpn-13659.html,,
2025-04-08,,,209000.0,,316.0,311.0,,,,Gap Exists Between APT Long-Term Procurement Price and Spot Price,http://news.chinatungsten.com/en/tungsten-product-news/169345-tpn-13662.html,data/raw/minerals_signal_data/images/tungsten_price_table_2025-04-08.jpg,
2025-04-09,,,,,322.0,,,,,Tungsten Prices Hold Firm on Supply Support,http://news.chinatungsten.com/en/tungsten-product-news/169409-tpn-13664.html,data/raw/minerals_signal_data/images/tungsten_price_table_2025-04-09.jpg,
2025-03-30,,,,,,,,,,Jiangxi Province Key Investment Promotion Projects in 2025 Involve Tungsten and Molybdenum Fields,http://news.chinatungsten.com/en/tungsten-product-news/169188-tpn-13647.html,,
2025-03-31,,,,,,,,,,China Tungsten Market in Q1 2025: Initial Rise Followed by Decline,http://news.chinatungsten.com/en/tungsten-product-news/169195-tpn-13648.html,data/raw/minerals_signal_data/images/tungsten_price_table_2025-03-31.jpg,data/raw/minerals_signal_data/images/tungsten_trend_2025-03-31.jpg
2025-04-01,,,,,,,,,,"Tungsten Prices Rise, Cobalt Market Contradictions Intensify",http://news.chinatungsten.com/en/tungsten-product-news/169204-tpn-13650.html,data/raw/minerals_signal_data/images/tungsten_price_table_2025-04-01.jpg,
2025-04-02,,,,,,,,,,"Tungsten Concentrate and APT Prices on April 2, 2025",http://news.chinatungsten.com/en/tungsten-product-news/169215-tpn-13652.html,data/raw/minerals_signal_data/images/tungsten_price_table_2025-04-02.jpg,
2025-03-25,,,,,,,,,,Guangxi Will Increase the Exploration of Strategic Mineral Resources Such as Tungsten and Aluminum,http://news.chinatungsten.com/en/tungsten-product-news/169094-tpn-13636.html,,
2025-03-26,,,,,,,,,,"Tungsten Market Report - March 26, 2025",http://news.chinatungsten.com/en/tungsten-product-news/169121-tpn-13638.html,data/raw/minerals_signal_data/images/tungsten_price_table_2025-03-26.jpg,
2025-03-27,,,,,,,,,,Tungsten Prices Consolidate Amid Supply-Demand Tug-of-War,http://news.chinatungsten.com/en/tungsten-product-news/169148-tpn-13640.html,data/raw/minerals_signal_data/images/tungsten_price_table_2025-03-27.jpg,
2025-03-28,,,,,,,,,,"Tungsten Weekly: Small Prices Rise, Supply-Demand Deadlock",http://news.chinatungsten.com/en/tungsten-product-news/169159-tpn-13642.html,data/raw/minerals_signal_data/images/tungsten_price_table_2025-03-28.jpg,
2025-03-20,,,,,,,,,,"Tungsten Price Stable with Caution, Cobalt Market Heat Fades",http://news.chinatungsten.com/en/tungsten-product-news/168986-tpn-13626.html,data/raw/minerals_signal_data/images/tungsten_price_table_2025-03-20.jpg,
2025-03-21,,,,,,,,,,Fujian Jiefangqiao Mining Area Tungsten Polymetallic Ore Exploration Project Passed The Review,http://news.chinatungsten.com/en/tungsten-product-news/169024-tpn-13629.html,,
2025-03-24,,,,,,,,,,Tungsten Market Stalemate Awaits Breakthrough,http://news.chinatungsten.com/en/tungsten-product-news/169038-tpn-13631.html,data/raw/minerals_signal_data/images/tungsten_price_table_2025-03-24.jpg,
2025-03-17,,,,,,,,,,Uzbekistan to Develop 76 Mineral Projects Including Tungsten Over Three Years,http://news.chinatungsten.com/en/tungsten-product-news/168903-tpn-13620.html,,
2025-03-18,,,,,,,,,,"Tungsten Powder Prices Hold Steady, Cobalt Powder Prices Surge 70%",http://news.chinatungsten.com/en/tungsten-product-news/168914-tpn-13621.html,data/raw/minerals_signal_data/images/tungsten_price_table_2025-03-18.jpg,
2025-03-19,,,,,,,,,,Tungsten Market: Demand Repairs Needed Amid Temporary Price Stability,http://news.chinatungsten.com/en/tungsten-product-news/168941-tpn-13623.html,data/raw/minerals_signal_data/images/tungsten_price_table_2025-03-19.jpg,
2025-03-11,,,,,,,,,,"Cheap Tungsten, Costly Cobalt",http://news.chinatungsten.com/en/tungsten-product-news/168787-tpn-13605.html,data/raw/minerals_signal_data/images/tungsten_price_table_2025-03-11.jpg,
2025-03-12,,,,,,,,,,"Tungsten and Cobalt Prices Diverge, Cemented Carbide Sector in Stalemate",http://news.chinatungsten.com/en/tungsten-product-news/168790-tpn-13606.html,data/raw/minerals_signal_data/images/tungsten_price_table_2025-03-12.jpg,
2025-03-13,,,,,,,,,,"Tungsten Market Stagnant, Industry Sentiment Divided",http://news.chinatungsten.com/en/tungsten-product-news/168815-tpn-13608.html,data/raw/minerals_signal_data/images/tungsten_price_table_2025-03-13.jpg,
2025-03-14,,,,,,,,,,Tungsten Market: Weak Trends Under Supply-Demand Pressure,http://news.chinatungsten.com/en/tungsten-product-news/168822-tpn-13610.html,data/raw/minerals_signal_data/images/tungsten_price_table_2025-03-14.jpg,
2025-03-06,,,,,,,,,,Declassification of Data on a Major Tungsten-Gold Deposit in Tajikistan,http://news.chinatungsten.com/en/tungsten-product-news/168647-tpn-13595.html,,
2025-03-07,,,,,,,,,,Two National Standards on Methods for Chemical Analysis of Tungsten Concentrate Released,http://news.chinatungsten.com/en/tungsten-product-news/168692-tpn-13598.html,,
2025-03-10,,,,,,,,,,New Standard for Tungsten Concentrate: Determination of Fluorine and Mercury Content,http://news.chinatungsten.com/en/tungsten-product-news/168757-tpn-13602.html,,
2025-03-03,,,,,,,,,,Prices of APT & Tungsten Waste and Scrap Decline,http://news.chinatungsten.com/en/tungsten-product-news/168498-tpn-13584.html,data/raw/minerals_signal_data/images/tungsten_price_table_2025-03-03.jpg,
2025-03-04,,,,,,,,,,Tungsten Market Faces Evident Supply-Demand Imbalance,http://news.chinatungsten.com/en/tungsten-product-news/168544-tpn-13585.html,data/raw/minerals_signal_data/images/tungsten_price_table_2025-03-04.jpg,
2025-03-05,,,,,,,,,,Tungsten Powder and Tungsten Waste and Scrap Prices Under Pressure,http://news.chinatungsten.com/en/tungsten-product-news/168623-tpn-13590.html,data/raw/minerals_signal_data/images/tungsten_price_table_2025-03-05.jpg,
2025-02-25,,,,,,,,,,Tungsten Waste and Scrap Market Weakens,http://news.chinatungsten.com/en/tungsten-product-news/168374-tpn-13574.html,data/raw/minerals_signal_data/images/tungsten_price_table_2025-02-25.jpg,
2025-02-26,,,,,,,,,,"Weak Tungsten Prices, Volatile Cobalt Market",http://news.chinatungsten.com/en/tungsten-product-news/168417-tpn-13576.html,data/raw/minerals_signal_data/images/tungsten_price_table_2025-02-26.jpg,
2025-02-27,,,,,,,,,,Tungsten Market Pressured by Weak Demand and Export Issues,http://news.chinatungsten.com/en/tungsten-product-news/168446-tpn-13578.html,data/raw/minerals_signal_data/images/tungsten_price_table_2025-02-27.jpg,
2025-02-28,,,,,,,,,,China Tungsten Market Declines in February 2025,http://news.chinatungsten.com/en/tungsten-product-news/168459-tpn-13580.html,data/raw/minerals_signal_data/images/tungsten_price_table_2025-02-28.jpg,data/raw/minerals_signal_data/images/tungsten_trend_2025-02-28.jpg
2025-02-21,,,,,,,,,,Tungsten Enterprise Guided Prices Reduced,http://news.chinatungsten.com/en/tungsten-product-news/168314-tpn-13566.html,data/raw/minerals_signal_data/images/tungsten_price_table_2025-02-21.jpg,
2025-02-22,,,,,,,,,,Yunnan Mangshi Dalu Factory Tungsten-lead Mine Development Plan Passed Review,http://news.chinatungsten.com/en/tungsten-product-news/168338-tpn-13567.html,,
2025-02-24,,,,,,,,,,Potential Tungsten and Tin Resources Discovered in Victoria,http://news.chinatungsten.com/en/tungsten-product-news/168364-tpn-13572.html,,
2025-02-18,,,,,,,,,,USDOC Preliminary Affirmative AD Determination on Tungsten Shot from China,http://news.chinatungsten.com/en/tungsten-product-news/168215-tpn-13556.html,,
2025-02-19,,,,,,,,,,Tungsten: An Overlooked Micronutrient for Human Health,http://news.chinatungsten.com/en/tungsten-product-news/168247-tpn-13559.html,,
2025-02-20,,,,,,,,,,Tungsten Concentrate and Ammonium Paratungstate Prices Fall,http://news.chinatungsten.com/en/tungsten-product-news/168286-tpn-13563.html,data/raw/minerals_signal_data/images/tungsten_price_table_2025-02-20.jpg,
2025-02-13,,,,,,,,,,Why Does China Implement Export Controls on Tungsten Carbide?,http://news.chinatungsten.com/en/tungsten-product-news/168136-tpn-13546.html,,
2025-02-14,,,,,,,,,,Why Does China Implement Export Controls on Tungsten Alloy?,http://news.chinatungsten.com/en/tungsten-product-news/168158-tpn-13549.html,,
2025-02-17,,,,,,,,,,Jiangxi Tungsten Concentrate Price Remained the Same in January 2025,http://news.chinatungsten.com/en/tungsten-product-news/168195-tpn-13553.html,,
2025-02-10,20563.4,,,,,,,,,Tungsten Concentrate and APT Prices Remain Stable,http://news.chinatungsten.com/en/tungsten-product-news/168035-tpn-13533.html,data/raw/minerals_signal_data/images/tungsten_price_table_2025-02-10.jpg,
2025-02-11,,,,,,,,,,Tungsten-Doped Vanadium Dioxide Films Advance Optoelectronic Devices,http://news.chinatungsten.com/en/tungsten-product-news/168057-tpn-13537.html,,
2025-02-12,,,,,,,,,,Why Does China Impose Export Controls on Tungsten Oxide?,http://news.chinatungsten.com/en/tungsten-product-news/168100-tpn-13540.html,,
2025-02-05,,,,,,,,,,MOFCOM Spokesperson Answers Questions from Reporters on Export Controls Imposed on Tungsten and Related Items,http://news.chinatungsten.com/en/tungsten-product-news/167876-tpn-13524.html,,
2025-02-06,,,,,,,,,,India Scraps Customs Duties on Scrap of Tungsten & Other Critical Minerals,http://news.chinatungsten.com/en/tungsten-product-news/167914-tpn-13525.html,,
2025-02-08,,,,,,,,,,Tungsten Market Remains Steady Amid Cautious Sentiment and Export Control Concerns,http://news.chinatungsten.com/en/tungsten-product-news/167993-tpn-13532.html,data/raw/minerals_signal_data/images/tungsten_price_table_2025-02-08.jpg,
2025-01-26,,,,,,,,,,Tungsten Prices Remain Stable with the Approaching of Chinese New Year,http://news.chinatungsten.com/en/tungsten-product-news/167843-tpn-13519.html,data/raw/minerals_signal_data/images/tungsten_price_table_2025-01-26.jpg,
2025-01-17,,,,,,,,,,Tungsten Ore Prices Hold Firm with Expectations of Tighter Resource Availability,http://news.chinatungsten.com/en/tungsten-product-news/167705-tpn-13505.html,data/raw/minerals_signal_data/images/tungsten_price_table_2025-01-17.jpg,
2025-01-20,,,,,,,,,,China Tungsten Prices Maintains Stability Amid Pre-Holiday Stalemate,http://news.chinatungsten.com/en/tungsten-product-news/167736-tpn-13508.html,data/raw/minerals_signal_data/images/tungsten_price_table_2025-01-20.jpg,
2025-01-21,,,,,,,,,,China Tungsten Prices Remained Steady Before the Lunar New Year,http://news.chinatungsten.com/en/tungsten-product-news/167741-tpn-13509.html,data/raw/minerals_signal_data/images/tungsten_price_table_2025-01-21.jpg,
2025-01-23,,,,,,,,,,Ammonium Paratungstate (APT) Prices Stabilized on Cost Pressures and Holiday Factors,http://news.chinatungsten.com/en/tungsten-product-news/167795-tpn-13513.html,data/raw/minerals_signal_data/images/tungsten_price_table_2025-01-23.jpg,
2025-01-10,,,,,,,,,,The Tungsten Market Remains Stable as the Chinese New Year Approaches,http://news.chinatungsten.com/en/tungsten-product-news/167565-tpn-13494.html,data/raw/minerals_signal_data/images/tungsten_price_table_2025-01-10.jpg,
2025-01-13,,,,,,,,,,China Tungsten Prices Exhibited a Steady Upward Trend in Early January 2025,http://news.chinatungsten.com/en/tungsten-product-news/167609-tpn-13497.html,data/raw/minerals_signal_data/images/tungsten_price_table_2025-01-13.jpg,
2025-01-15,,,,,,,,,,Tungsten Prices Remain Steady as the Chinese New Year Approaches,http://news.chinatungsten.com/en/tungsten-product-news/167668-tpn-13501.html,data/raw/minerals_signal_data/images/tungsten_price_table_2025-01-15.jpg,
2025-01-07,,,,,,,,,,2025 Outlook for China’s Tungsten Industry and Tungsten Product Price Forecast,http://news.chinatungsten.com/en/tungsten-product-news/167475-tpn-13484.html,data/raw/minerals_signal_data/images/tungsten_price_table_2025-01-07.jpg,
2025-01-08,,,,,,,,,,2025 China Tungsten Market Price Forecast,http://news.chinatungsten.com/en/tungsten-product-news/167493-tpn-13490.html,data/raw/minerals_signal_data/images/tungsten_price_table_2025-01-08.jpg,
2024-12-30,,,,,,,,,,China Tungsten Prices Remain Stable at the End of December 2024,http://news.chinatungsten.com/en/tungsten-product-news/167395-tpn-13476.html,data/raw/minerals_signal_data/images/tungsten_price_table_2024-12-30.jpg,
2024-12-31,,,,,,,,,,What Are the Application Areas and Characteristics of Pure Tungsten Sheets?,http://news.chinatungsten.com/en/tungsten-product-news/167415-tpn-13479.html,,
2025-01-03,,,,,,,,,,2024 Chinese Tungsten Market Trends: Analysis and Forecast,http://news.chinatungsten.com/en/tungsten-product-news/167450-tpn-13480.html,data/raw/minerals_signal_data/images/tungsten_price_table_2025-01-03.jpg,
2025-01-06,,,,,,,,,,China Tungsten Prices Remained Stable on the First Trading Day of the Year 2025,http://news.chinatungsten.com/en/tungsten-product-news/167455-tpn-13483.html,data/raw/minerals_signal_data/images/tungsten_price_table_2025-01-06.jpg,
2024-12-24,,,,,,,,,,China Tungsten Prices Stabilized with Final Annual Long-term Contract Prices Released,http://news.chinatungsten.com/en/tungsten-product-news/167316-tpn-13466.html,data/raw/minerals_signal_data/images/tungsten_price_table_2024-12-24.jpg,
2024-12-25,,,,,,,,,,Tungsten Market Stagnates Amid Supply-Demand Tug-of-War and Macro Challenges,http://news.chinatungsten.com/en/tungsten-product-news/167337-tpn-13469.html,data/raw/minerals_signal_data/images/tungsten_price_table_2024-12-25.jpg,
2024-12-26,,,,,,,,,,Ferro Tungsten Prices Keep Stable As Core Demand Remains Steady,http://news.chinatungsten.com/en/tungsten-product-news/167356-tpn-13470.html,data/raw/minerals_signal_data/images/tungsten_price_table_2024-12-26.jpg,
2024-12-27,,,,,,,,,,Tungsten Market Update: Stability with Mixed Sentiment,http://news.chinatungsten.com/en/tungsten-product-news/167373-tpn-13473.html,data/raw/minerals_signal_data/images/tungsten_price_table_2024-12-27.jpg,
2024-12-16,,,,,44.5,,,,,Chinese Tungsten Market Weekly Review and Economic Policy Insights,http://news.chinatungsten.com/en/tungsten-product-news/167160-tpn-13456.html,data/raw/minerals_signal_data/images/tungsten_price_table_2024-12-16.jpg,
2024-12-18,,,,,,,,,,China’s Tungsten Powder Prices Hold Steady Affected by Quiet Market,http://news.chinatungsten.com/en/tungsten-product-news/167205-tpn-13460.html,data/raw/minerals_signal_data/images/tungsten_price_table_2024-12-18.jpg,
2024-12-19,,,,,,,,,,Scrap Tungsten Prices Remain Stable in the Middle of December 2024,http://news.chinatungsten.com/en/tungsten-product-news/167228-tpn-13461.html,data/raw/minerals_signal_data/images/tungsten_price_table_2024-12-19.jpg,
2024-12-20,,,,,,,,,,China Tungsten Prices Remain Primarily Stable with Quiet Market,http://news.chinatungsten.com/en/tungsten-product-news/167229-tpn-13462.html,data/raw/minerals_signal_data/images/tungsten_price_table_2024-12-20.jpg,
2024-12-09,,,,,,,,,,China Tungsten Price Slightly Decreased in Early December 2024,http://news.chinatungsten.com/en/tungsten-product-news/167007-tpn-13444.html,data/raw/minerals_signal_data/images/tungsten_price_table_2024-12-09.jpg,
2024-12-10,,,,,,,,,,China Tungsten Prices Stagnate amid Supply Support and Weak Demand Feedback,http://news.chinatungsten.com/en/tungsten-product-news/167032-tpn-13445.html,data/raw/minerals_signal_data/images/tungsten_price_table_2024-12-10.jpg,
2024-12-12,,,,,,,,,,The Price of Tungsten Powder Stabilizes in the Middle of December 2024,http://news.chinatungsten.com/en/tungsten-product-news/167071-tpn-13449.html,data/raw/minerals_signal_data/images/tungsten_price_table_2024-12-12.jpg,
2024-12-13,,,,,,,,,,Ferrotungsten Price Continues to Stabilize on Quiet Market,http://news.chinatungsten.com/en/tungsten-product-news/167123-tpn-13453.html,data/raw/minerals_signal_data/images/tungsten_price_table_2024-12-13.jpg,
2024-12-04,,,,,,,,,,How Does Manufacturing Process of Strand Tungsten Filaments Impact Their Properties?,http://news.chinatungsten.com/en/tungsten-product-news/166923-tpn-13437.html,,
2024-12-05,,,,,,,,,,China Tungsten Prices Remain Stagnant Amid Market Caution and Trade Risks,http://news.chinatungsten.com/en/tungsten-product-news/166942-tpn-13438.html,data/raw/minerals_signal_data/images/tungsten_price_table_2024-12-05.jpg,
2024-12-06,,,,,,,,,,Tungsten Market Stagnation: Diverging Outlooks Amid Supply and Demand Imbalance,http://news.chinatungsten.com/en/tungsten-product-news/166957-tpn-13441.html,data/raw/minerals_signal_data/images/tungsten_price_table_2024-12-06.jpg,
2026-06-26,510000.0,509000.0,750000.0,2900.0,1200.0,1150.0,770000.0,510.0,700.0,"Tungsten Market Speculation, Sluggish Trading - June 26, 2026",http://news.chinatungsten.com/en/tungsten-product-news/175173-tpn-16180.html,,
