dataset_id,company,model_name,horizon,base_net_income_native_mn,base_eps_rmb,yield_shock_pct,fuel_shock_pct,fx_shock_pct,passenger_revenue_native_mn,fuel_cost_native_mn,yield_impact_native_mn,fuel_impact_native_mn,fx_impact_native_mn,shocked_net_income_native_mn,shocked_eps_rmb,vs_consensus_status,source_note,retrieved_at
airline_earnings_sensitivity,Air China,walk_forward_integrated,H1-2026,-9771.7127911909,-0.6071467787270955,-3.0,-5.0,-3.0,154855.77899999998,25984.230482097995,-4645.6733699999995,1299.2115241048998,1140.146346414093,-11978.028290671906,-0.7442319936725402,miss,"Mechanical sensitivity surface: yield on passenger revenue, fuel on fuel-cost share of operating cost, FX on a structural USD-cost share.  Excludes hedging, pass-through, demand response and surcharge recovery; vs_consensus_status uses 1.0 RMB EPS as a simple threshold, not Street consensus.",2026-08-10T16:50:23.533314+00:00
airline_earnings_sensitivity,Air China,walk_forward_integrated,H1-2026,-9771.7127911909,-0.6071467787270955,-3.0,-5.0,0.0,154855.77899999998,25984.230482097995,-4645.6733699999995,1299.2115241048998,-0.0,-13118.174637085998,-0.8150728172103368,miss,"Mechanical sensitivity surface: yield on passenger revenue, fuel on fuel-cost share of operating cost, FX on a structural USD-cost share.  Excludes hedging, pass-through, demand response and surcharge recovery; vs_consensus_status uses 1.0 RMB EPS as a simple threshold, not Street consensus.",2026-08-10T16:50:23.533314+00:00
airline_earnings_sensitivity,Air China,walk_forward_integrated,H1-2026,-9771.7127911909,-0.6071467787270955,-3.0,-5.0,3.0,154855.77899999998,25984.230482097995,-4645.6733699999995,1299.2115241048998,-1140.146346414093,-14258.32098350009,-0.8859136407481333,miss,"Mechanical sensitivity surface: yield on passenger revenue, fuel on fuel-cost share of operating cost, FX on a structural USD-cost share.  Excludes hedging, pass-through, demand response and surcharge recovery; vs_consensus_status uses 1.0 RMB EPS as a simple threshold, not Street consensus.",2026-08-10T16:50:23.533314+00:00
airline_earnings_sensitivity,Air China,walk_forward_integrated,H1-2026,-9771.7127911909,-0.6071467787270955,-3.0,0.0,-3.0,154855.77899999998,25984.230482097995,-4645.6733699999995,-0.0,1140.146346414093,-13277.239814776805,-0.8249560293253806,miss,"Mechanical sensitivity surface: yield on passenger revenue, fuel on fuel-cost share of operating cost, FX on a structural USD-cost share.  Excludes hedging, pass-through, demand response and surcharge recovery; vs_consensus_status uses 1.0 RMB EPS as a simple threshold, not Street consensus.",2026-08-10T16:50:23.533314+00:00
airline_earnings_sensitivity,Air China,walk_forward_integrated,H1-2026,-9771.7127911909,-0.6071467787270955,-3.0,0.0,0.0,154855.77899999998,25984.230482097995,-4645.6733699999995,-0.0,-0.0,-14417.386161190898,-0.8957968528631771,miss,"Mechanical sensitivity surface: yield on passenger revenue, fuel on fuel-cost share of operating cost, FX on a structural USD-cost share.  Excludes hedging, pass-through, demand response and surcharge recovery; vs_consensus_status uses 1.0 RMB EPS as a simple threshold, not Street consensus.",2026-08-10T16:50:23.533314+00:00
airline_earnings_sensitivity,Air China,walk_forward_integrated,H1-2026,-9771.7127911909,-0.6071467787270955,-3.0,0.0,3.0,154855.77899999998,25984.230482097995,-4645.6733699999995,-0.0,-1140.146346414093,-15557.53250760499,-0.9666376764009736,miss,"Mechanical sensitivity surface: yield on passenger revenue, fuel on fuel-cost share of operating cost, FX on a structural USD-cost share.  Excludes hedging, pass-through, demand response and surcharge recovery; vs_consensus_status uses 1.0 RMB EPS as a simple threshold, not Street consensus.",2026-08-10T16:50:23.533314+00:00
airline_earnings_sensitivity,Air China,walk_forward_integrated,H1-2026,-9771.7127911909,-0.6071467787270955,-3.0,5.0,-3.0,154855.77899999998,25984.230482097995,-4645.6733699999995,-1299.2115241048998,1140.146346414093,-14576.451338881705,-0.905680064978221,miss,"Mechanical sensitivity surface: yield on passenger revenue, fuel on fuel-cost share of operating cost, FX on a structural USD-cost share.  Excludes hedging, pass-through, demand response and surcharge recovery; vs_consensus_status uses 1.0 RMB EPS as a simple threshold, not Street consensus.",2026-08-10T16:50:23.533314+00:00
airline_earnings_sensitivity,Air China,walk_forward_integrated,H1-2026,-9771.7127911909,-0.6071467787270955,-3.0,5.0,0.0,154855.77899999998,25984.230482097995,-4645.6733699999995,-1299.2115241048998,-0.0,-15716.597685295797,-0.9765208885160174,miss,"Mechanical sensitivity surface: yield on passenger revenue, fuel on fuel-cost share of operating cost, FX on a structural USD-cost share.  Excludes hedging, pass-through, demand response and surcharge recovery; vs_consensus_status uses 1.0 RMB EPS as a simple threshold, not Street consensus.",2026-08-10T16:50:23.533314+00:00
airline_earnings_sensitivity,Air China,walk_forward_integrated,H1-2026,-9771.7127911909,-0.6071467787270955,-3.0,5.0,3.0,154855.77899999998,25984.230482097995,-4645.6733699999995,-1299.2115241048998,-1140.146346414093,-16856.74403170989,-1.0473617120538141,miss,"Mechanical sensitivity surface: yield on passenger revenue, fuel on fuel-cost share of operating cost, FX on a structural USD-cost share.  Excludes hedging, pass-through, demand response and surcharge recovery; vs_consensus_status uses 1.0 RMB EPS as a simple threshold, not Street consensus.",2026-08-10T16:50:23.533314+00:00
airline_earnings_sensitivity,Air China,walk_forward_integrated,H1-2026,-9771.7127911909,-0.6071467787270955,0.0,-5.0,-3.0,154855.77899999998,25984.230482097995,0.0,1299.2115241048998,1140.146346414093,-7332.354920671907,-0.4555819195364587,miss,"Mechanical sensitivity surface: yield on passenger revenue, fuel on fuel-cost share of operating cost, FX on a structural USD-cost share.  Excludes hedging, pass-through, demand response and surcharge recovery; vs_consensus_status uses 1.0 RMB EPS as a simple threshold, not Street consensus.",2026-08-10T16:50:23.533314+00:00
airline_earnings_sensitivity,Air China,walk_forward_integrated,H1-2026,-9771.7127911909,-0.6071467787270955,0.0,-5.0,0.0,154855.77899999998,25984.230482097995,0.0,1299.2115241048998,-0.0,-8472.501267086,-0.5264227430742552,miss,"Mechanical sensitivity surface: yield on passenger revenue, fuel on fuel-cost share of operating cost, FX on a structural USD-cost share.  Excludes hedging, pass-through, demand response and surcharge recovery; vs_consensus_status uses 1.0 RMB EPS as a simple threshold, not Street consensus.",2026-08-10T16:50:23.533314+00:00
airline_earnings_sensitivity,Air China,walk_forward_integrated,H1-2026,-9771.7127911909,-0.6071467787270955,0.0,-5.0,3.0,154855.77899999998,25984.230482097995,0.0,1299.2115241048998,-1140.146346414093,-9612.647613500092,-0.5972635666120517,miss,"Mechanical sensitivity surface: yield on passenger revenue, fuel on fuel-cost share of operating cost, FX on a structural USD-cost share.  Excludes hedging, pass-through, demand response and surcharge recovery; vs_consensus_status uses 1.0 RMB EPS as a simple threshold, not Street consensus.",2026-08-10T16:50:23.533314+00:00
airline_earnings_sensitivity,Air China,walk_forward_integrated,H1-2026,-9771.7127911909,-0.6071467787270955,0.0,0.0,-3.0,154855.77899999998,25984.230482097995,0.0,-0.0,1140.146346414093,-8631.566444776807,-0.536305955189299,miss,"Mechanical sensitivity surface: yield on passenger revenue, fuel on fuel-cost share of operating cost, FX on a structural USD-cost share.  Excludes hedging, pass-through, demand response and surcharge recovery; vs_consensus_status uses 1.0 RMB EPS as a simple threshold, not Street consensus.",2026-08-10T16:50:23.533314+00:00
airline_earnings_sensitivity,Air China,walk_forward_integrated,H1-2026,-9771.7127911909,-0.6071467787270955,0.0,0.0,0.0,154855.77899999998,25984.230482097995,0.0,-0.0,-0.0,-9771.7127911909,-0.6071467787270955,miss,"Mechanical sensitivity surface: yield on passenger revenue, fuel on fuel-cost share of operating cost, FX on a structural USD-cost share.  Excludes hedging, pass-through, demand response and surcharge recovery; vs_consensus_status uses 1.0 RMB EPS as a simple threshold, not Street consensus.",2026-08-10T16:50:23.533314+00:00
airline_earnings_sensitivity,Air China,walk_forward_integrated,H1-2026,-9771.7127911909,-0.6071467787270955,0.0,0.0,3.0,154855.77899999998,25984.230482097995,0.0,-0.0,-1140.146346414093,-10911.859137604992,-0.6779876022648921,miss,"Mechanical sensitivity surface: yield on passenger revenue, fuel on fuel-cost share of operating cost, FX on a structural USD-cost share.  Excludes hedging, pass-through, demand response and surcharge recovery; vs_consensus_status uses 1.0 RMB EPS as a simple threshold, not Street consensus.",2026-08-10T16:50:23.533314+00:00
airline_earnings_sensitivity,Air China,walk_forward_integrated,H1-2026,-9771.7127911909,-0.6071467787270955,0.0,5.0,-3.0,154855.77899999998,25984.230482097995,0.0,-1299.2115241048998,1140.146346414093,-9930.777968881706,-0.6170299908421394,miss,"Mechanical sensitivity surface: yield on passenger revenue, fuel on fuel-cost share of operating cost, FX on a structural USD-cost share.  Excludes hedging, pass-through, demand response and surcharge recovery; vs_consensus_status uses 1.0 RMB EPS as a simple threshold, not Street consensus.",2026-08-10T16:50:23.533314+00:00
airline_earnings_sensitivity,Air China,walk_forward_integrated,H1-2026,-9771.7127911909,-0.6071467787270955,0.0,5.0,0.0,154855.77899999998,25984.230482097995,0.0,-1299.2115241048998,-0.0,-11070.924315295799,-0.6878708143799359,miss,"Mechanical sensitivity surface: yield on passenger revenue, fuel on fuel-cost share of operating cost, FX on a structural USD-cost share.  Excludes hedging, pass-through, demand response and surcharge recovery; vs_consensus_status uses 1.0 RMB EPS as a simple threshold, not Street consensus.",2026-08-10T16:50:23.533314+00:00
airline_earnings_sensitivity,Air China,walk_forward_integrated,H1-2026,-9771.7127911909,-0.6071467787270955,0.0,5.0,3.0,154855.77899999998,25984.230482097995,0.0,-1299.2115241048998,-1140.146346414093,-12211.070661709891,-0.7587116379177323,miss,"Mechanical sensitivity surface: yield on passenger revenue, fuel on fuel-cost share of operating cost, FX on a structural USD-cost share.  Excludes hedging, pass-through, demand response and surcharge recovery; vs_consensus_status uses 1.0 RMB EPS as a simple threshold, not Street consensus.",2026-08-10T16:50:23.533314+00:00
airline_earnings_sensitivity,Air China,walk_forward_integrated,H1-2026,-9771.7127911909,-0.6071467787270955,3.0,-5.0,-3.0,154855.77899999998,25984.230482097995,4645.6733699999995,1299.2115241048998,1140.146346414093,-2686.681550671907,-0.1669318454003771,miss,"Mechanical sensitivity surface: yield on passenger revenue, fuel on fuel-cost share of operating cost, FX on a structural USD-cost share.  Excludes hedging, pass-through, demand response and surcharge recovery; vs_consensus_status uses 1.0 RMB EPS as a simple threshold, not Street consensus.",2026-08-10T16:50:23.533314+00:00
airline_earnings_sensitivity,Air China,walk_forward_integrated,H1-2026,-9771.7127911909,-0.6071467787270955,3.0,-5.0,0.0,154855.77899999998,25984.230482097995,4645.6733699999995,1299.2115241048998,-0.0,-3826.827897086,-0.23777266893817361,miss,"Mechanical sensitivity surface: yield on passenger revenue, fuel on fuel-cost share of operating cost, FX on a structural USD-cost share.  Excludes hedging, pass-through, demand response and surcharge recovery; vs_consensus_status uses 1.0 RMB EPS as a simple threshold, not Street consensus.",2026-08-10T16:50:23.533314+00:00
airline_earnings_sensitivity,Air China,walk_forward_integrated,H1-2026,-9771.7127911909,-0.6071467787270955,3.0,-5.0,3.0,154855.77899999998,25984.230482097995,4645.6733699999995,1299.2115241048998,-1140.146346414093,-4966.9742435000935,-0.30861349247597014,miss,"Mechanical sensitivity surface: yield on passenger revenue, fuel on fuel-cost share of operating cost, FX on a structural USD-cost share.  Excludes hedging, pass-through, demand response and surcharge recovery; vs_consensus_status uses 1.0 RMB EPS as a simple threshold, not Street consensus.",2026-08-10T16:50:23.533314+00:00
airline_earnings_sensitivity,Air China,walk_forward_integrated,H1-2026,-9771.7127911909,-0.6071467787270955,3.0,0.0,-3.0,154855.77899999998,25984.230482097995,4645.6733699999995,-0.0,1140.146346414093,-3985.8930747768068,-0.2476558810532174,miss,"Mechanical sensitivity surface: yield on passenger revenue, fuel on fuel-cost share of operating cost, FX on a structural USD-cost share.  Excludes hedging, pass-through, demand response and surcharge recovery; vs_consensus_status uses 1.0 RMB EPS as a simple threshold, not Street consensus.",2026-08-10T16:50:23.533314+00:00
airline_earnings_sensitivity,Air China,walk_forward_integrated,H1-2026,-9771.7127911909,-0.6071467787270955,3.0,0.0,0.0,154855.77899999998,25984.230482097995,4645.6733699999995,-0.0,-0.0,-5126.0394211909,-0.3184967045910139,miss,"Mechanical sensitivity surface: yield on passenger revenue, fuel on fuel-cost share of operating cost, FX on a structural USD-cost share.  Excludes hedging, pass-through, demand response and surcharge recovery; vs_consensus_status uses 1.0 RMB EPS as a simple threshold, not Street consensus.",2026-08-10T16:50:23.533314+00:00
airline_earnings_sensitivity,Air China,walk_forward_integrated,H1-2026,-9771.7127911909,-0.6071467787270955,3.0,0.0,3.0,154855.77899999998,25984.230482097995,4645.6733699999995,-0.0,-1140.146346414093,-6266.185767604993,-0.3893375281288105,miss,"Mechanical sensitivity surface: yield on passenger revenue, fuel on fuel-cost share of operating cost, FX on a structural USD-cost share.  Excludes hedging, pass-through, demand response and surcharge recovery; vs_consensus_status uses 1.0 RMB EPS as a simple threshold, not Street consensus.",2026-08-10T16:50:23.533314+00:00
airline_earnings_sensitivity,Air China,walk_forward_integrated,H1-2026,-9771.7127911909,-0.6071467787270955,3.0,5.0,-3.0,154855.77899999998,25984.230482097995,4645.6733699999995,-1299.2115241048998,1140.146346414093,-5285.104598881706,-0.3283799167060577,miss,"Mechanical sensitivity surface: yield on passenger revenue, fuel on fuel-cost share of operating cost, FX on a structural USD-cost share.  Excludes hedging, pass-through, demand response and surcharge recovery; vs_consensus_status uses 1.0 RMB EPS as a simple threshold, not Street consensus.",2026-08-10T16:50:23.533314+00:00
airline_earnings_sensitivity,Air China,walk_forward_integrated,H1-2026,-9771.7127911909,-0.6071467787270955,3.0,5.0,0.0,154855.77899999998,25984.230482097995,4645.6733699999995,-1299.2115241048998,-0.0,-6425.250945295799,-0.3992207402438543,miss,"Mechanical sensitivity surface: yield on passenger revenue, fuel on fuel-cost share of operating cost, FX on a structural USD-cost share.  Excludes hedging, pass-through, demand response and surcharge recovery; vs_consensus_status uses 1.0 RMB EPS as a simple threshold, not Street consensus.",2026-08-10T16:50:23.533314+00:00
airline_earnings_sensitivity,Air China,walk_forward_integrated,H1-2026,-9771.7127911909,-0.6071467787270955,3.0,5.0,3.0,154855.77899999998,25984.230482097995,4645.6733699999995,-1299.2115241048998,-1140.146346414093,-7565.397291709893,-0.4700615637816508,miss,"Mechanical sensitivity surface: yield on passenger revenue, fuel on fuel-cost share of operating cost, FX on a structural USD-cost share.  Excludes hedging, pass-through, demand response and surcharge recovery; vs_consensus_status uses 1.0 RMB EPS as a simple threshold, not Street consensus.",2026-08-10T16:50:23.533314+00:00
airline_earnings_sensitivity,China Eastern Airlines,walk_forward_integrated,H1-2026,-984.306787239997,-0.0663035802794854,-3.0,-5.0,-3.0,134147.17833,22016.0404765474,-4024.4153498999995,1100.8020238273702,932.7660688411037,-2975.1540444715224,-0.2004084169576653,miss,"Mechanical sensitivity surface: yield on passenger revenue, fuel on fuel-cost share of operating cost, FX on a structural USD-cost share.  Excludes hedging, pass-through, demand response and surcharge recovery; vs_consensus_status uses 1.0 RMB EPS as a simple threshold, not Street consensus.",2026-08-10T16:50:23.533314+00:00
airline_earnings_sensitivity,China Eastern Airlines,walk_forward_integrated,H1-2026,-984.306787239997,-0.0663035802794854,-3.0,-5.0,0.0,134147.17833,22016.0404765474,-4024.4153498999995,1100.8020238273702,-0.0,-3907.920113312626,-0.26324017909638014,miss,"Mechanical sensitivity surface: yield on passenger revenue, fuel on fuel-cost share of operating cost, FX on a structural USD-cost share.  Excludes hedging, pass-through, demand response and surcharge recovery; vs_consensus_status uses 1.0 RMB EPS as a simple threshold, not Street consensus.",2026-08-10T16:50:23.533314+00:00
airline_earnings_sensitivity,China Eastern Airlines,walk_forward_integrated,H1-2026,-984.306787239997,-0.0663035802794854,-3.0,-5.0,3.0,134147.17833,22016.0404765474,-4024.4153498999995,1100.8020238273702,-932.7660688411037,-4840.6861821537295,-0.32607194123509503,miss,"Mechanical sensitivity surface: yield on passenger revenue, fuel on fuel-cost share of operating cost, FX on a structural USD-cost share.  Excludes hedging, pass-through, demand response and surcharge recovery; vs_consensus_status uses 1.0 RMB EPS as a simple threshold, not Street consensus.",2026-08-10T16:50:23.533314+00:00
airline_earnings_sensitivity,China Eastern Airlines,walk_forward_integrated,H1-2026,-984.306787239997,-0.0663035802794854,-3.0,0.0,-3.0,134147.17833,22016.0404765474,-4024.4153498999995,-0.0,932.7660688411037,-4075.9560682988927,-0.27455919627243,miss,"Mechanical sensitivity surface: yield on passenger revenue, fuel on fuel-cost share of operating cost, FX on a structural USD-cost share.  Excludes hedging, pass-through, demand response and surcharge recovery; vs_consensus_status uses 1.0 RMB EPS as a simple threshold, not Street consensus.",2026-08-10T16:50:23.533314+00:00
airline_earnings_sensitivity,China Eastern Airlines,walk_forward_integrated,H1-2026,-984.306787239997,-0.0663035802794854,-3.0,0.0,0.0,134147.17833,22016.0404765474,-4024.4153498999995,-0.0,-0.0,-5008.722137139996,-0.33739095841114486,miss,"Mechanical sensitivity surface: yield on passenger revenue, fuel on fuel-cost share of operating cost, FX on a structural USD-cost share.  Excludes hedging, pass-through, demand response and surcharge recovery; vs_consensus_status uses 1.0 RMB EPS as a simple threshold, not Street consensus.",2026-08-10T16:50:23.533314+00:00
airline_earnings_sensitivity,China Eastern Airlines,walk_forward_integrated,H1-2026,-984.306787239997,-0.0663035802794854,-3.0,0.0,3.0,134147.17833,22016.0404765474,-4024.4153498999995,-0.0,-932.7660688411037,-5941.4882059811,-0.4002227205498597,miss,"Mechanical sensitivity surface: yield on passenger revenue, fuel on fuel-cost share of operating cost, FX on a structural USD-cost share.  Excludes hedging, pass-through, demand response and surcharge recovery; vs_consensus_status uses 1.0 RMB EPS as a simple threshold, not Street consensus.",2026-08-10T16:50:23.533314+00:00
airline_earnings_sensitivity,China Eastern Airlines,walk_forward_integrated,H1-2026,-984.306787239997,-0.0663035802794854,-3.0,5.0,-3.0,134147.17833,22016.0404765474,-4024.4153498999995,-1100.8020238273702,932.7660688411037,-5176.758092126263,-0.3487099755871947,miss,"Mechanical sensitivity surface: yield on passenger revenue, fuel on fuel-cost share of operating cost, FX on a structural USD-cost share.  Excludes hedging, pass-through, demand response and surcharge recovery; vs_consensus_status uses 1.0 RMB EPS as a simple threshold, not Street consensus.",2026-08-10T16:50:23.533314+00:00
airline_earnings_sensitivity,China Eastern Airlines,walk_forward_integrated,H1-2026,-984.306787239997,-0.0663035802794854,-3.0,5.0,0.0,134147.17833,22016.0404765474,-4024.4153498999995,-1100.8020238273702,-0.0,-6109.524160967367,-0.4115417377259095,miss,"Mechanical sensitivity surface: yield on passenger revenue, fuel on fuel-cost share of operating cost, FX on a structural USD-cost share.  Excludes hedging, pass-through, demand response and surcharge recovery; vs_consensus_status uses 1.0 RMB EPS as a simple threshold, not Street consensus.",2026-08-10T16:50:23.533314+00:00
airline_earnings_sensitivity,China Eastern Airlines,walk_forward_integrated,H1-2026,-984.306787239997,-0.0663035802794854,-3.0,5.0,3.0,134147.17833,22016.0404765474,-4024.4153498999995,-1100.8020238273702,-932.7660688411037,-7042.29022980847,-0.47437349986462435,miss,"Mechanical sensitivity surface: yield on passenger revenue, fuel on fuel-cost share of operating cost, FX on a structural USD-cost share.  Excludes hedging, pass-through, demand response and surcharge recovery; vs_consensus_status uses 1.0 RMB EPS as a simple threshold, not Street consensus.",2026-08-10T16:50:23.533314+00:00
airline_earnings_sensitivity,China Eastern Airlines,walk_forward_integrated,H1-2026,-984.306787239997,-0.0663035802794854,0.0,-5.0,-3.0,134147.17833,22016.0404765474,0.0,1100.8020238273702,932.7660688411037,1049.261305428477,0.07067896117399415,marginal,"Mechanical sensitivity surface: yield on passenger revenue, fuel on fuel-cost share of operating cost, FX on a structural USD-cost share.  Excludes hedging, pass-through, demand response and surcharge recovery; vs_consensus_status uses 1.0 RMB EPS as a simple threshold, not Street consensus.",2026-08-10T16:50:23.533314+00:00
airline_earnings_sensitivity,China Eastern Airlines,walk_forward_integrated,H1-2026,-984.306787239997,-0.0663035802794854,0.0,-5.0,0.0,134147.17833,22016.0404765474,0.0,1100.8020238273702,-0.0,116.49523658737326,0.007847199035279275,marginal,"Mechanical sensitivity surface: yield on passenger revenue, fuel on fuel-cost share of operating cost, FX on a structural USD-cost share.  Excludes hedging, pass-through, demand response and surcharge recovery; vs_consensus_status uses 1.0 RMB EPS as a simple threshold, not Street consensus.",2026-08-10T16:50:23.533314+00:00
airline_earnings_sensitivity,China Eastern Airlines,walk_forward_integrated,H1-2026,-984.306787239997,-0.0663035802794854,0.0,-5.0,3.0,134147.17833,22016.0404765474,0.0,1100.8020238273702,-932.7660688411037,-816.2708322537304,-0.0549845631034356,miss,"Mechanical sensitivity surface: yield on passenger revenue, fuel on fuel-cost share of operating cost, FX on a structural USD-cost share.  Excludes hedging, pass-through, demand response and surcharge recovery; vs_consensus_status uses 1.0 RMB EPS as a simple threshold, not Street consensus.",2026-08-10T16:50:23.533314+00:00
airline_earnings_sensitivity,China Eastern Airlines,walk_forward_integrated,H1-2026,-984.306787239997,-0.0663035802794854,0.0,0.0,-3.0,134147.17833,22016.0404765474,0.0,-0.0,932.7660688411037,-51.54071839889332,-0.003471818140770523,miss,"Mechanical sensitivity surface: yield on passenger revenue, fuel on fuel-cost share of operating cost, FX on a structural USD-cost share.  Excludes hedging, pass-through, demand response and surcharge recovery; vs_consensus_status uses 1.0 RMB EPS as a simple threshold, not Street consensus.",2026-08-10T16:50:23.533314+00:00
airline_earnings_sensitivity,China Eastern Airlines,walk_forward_integrated,H1-2026,-984.306787239997,-0.0663035802794854,0.0,0.0,0.0,134147.17833,22016.0404765474,0.0,-0.0,-0.0,-984.306787239997,-0.0663035802794854,miss,"Mechanical sensitivity surface: yield on passenger revenue, fuel on fuel-cost share of operating cost, FX on a structural USD-cost share.  Excludes hedging, pass-through, demand response and surcharge recovery; vs_consensus_status uses 1.0 RMB EPS as a simple threshold, not Street consensus.",2026-08-10T16:50:23.533314+00:00
airline_earnings_sensitivity,China Eastern Airlines,walk_forward_integrated,H1-2026,-984.306787239997,-0.0663035802794854,0.0,0.0,3.0,134147.17833,22016.0404765474,0.0,-0.0,-932.7660688411037,-1917.0728560811008,-0.12913534241820027,miss,"Mechanical sensitivity surface: yield on passenger revenue, fuel on fuel-cost share of operating cost, FX on a structural USD-cost share.  Excludes hedging, pass-through, demand response and surcharge recovery; vs_consensus_status uses 1.0 RMB EPS as a simple threshold, not Street consensus.",2026-08-10T16:50:23.533314+00:00
airline_earnings_sensitivity,China Eastern Airlines,walk_forward_integrated,H1-2026,-984.306787239997,-0.0663035802794854,0.0,5.0,-3.0,134147.17833,22016.0404765474,0.0,-1100.8020238273702,932.7660688411037,-1152.3427422262635,-0.07762259745553518,miss,"Mechanical sensitivity surface: yield on passenger revenue, fuel on fuel-cost share of operating cost, FX on a structural USD-cost share.  Excludes hedging, pass-through, demand response and surcharge recovery; vs_consensus_status uses 1.0 RMB EPS as a simple threshold, not Street consensus.",2026-08-10T16:50:23.533314+00:00
airline_earnings_sensitivity,China Eastern Airlines,walk_forward_integrated,H1-2026,-984.306787239997,-0.0663035802794854,0.0,5.0,0.0,134147.17833,22016.0404765474,0.0,-1100.8020238273702,-0.0,-2085.1088110673672,-0.14045435959425007,miss,"Mechanical sensitivity surface: yield on passenger revenue, fuel on fuel-cost share of operating cost, FX on a structural USD-cost share.  Excludes hedging, pass-through, demand response and surcharge recovery; vs_consensus_status uses 1.0 RMB EPS as a simple threshold, not Street consensus.",2026-08-10T16:50:23.533314+00:00
airline_earnings_sensitivity,China Eastern Airlines,walk_forward_integrated,H1-2026,-984.306787239997,-0.0663035802794854,0.0,5.0,3.0,134147.17833,22016.0404765474,0.0,-1100.8020238273702,-932.7660688411037,-3017.874879908471,-0.20328612173296495,miss,"Mechanical sensitivity surface: yield on passenger revenue, fuel on fuel-cost share of operating cost, FX on a structural USD-cost share.  Excludes hedging, pass-through, demand response and surcharge recovery; vs_consensus_status uses 1.0 RMB EPS as a simple threshold, not Street consensus.",2026-08-10T16:50:23.533314+00:00
airline_earnings_sensitivity,China Eastern Airlines,walk_forward_integrated,H1-2026,-984.306787239997,-0.0663035802794854,3.0,-5.0,-3.0,134147.17833,22016.0404765474,4024.4153498999995,1100.8020238273702,932.7660688411037,5073.676655328476,0.3417663393056536,marginal,"Mechanical sensitivity surface: yield on passenger revenue, fuel on fuel-cost share of operating cost, FX on a structural USD-cost share.  Excludes hedging, pass-through, demand response and surcharge recovery; vs_consensus_status uses 1.0 RMB EPS as a simple threshold, not Street consensus.",2026-08-10T16:50:23.533314+00:00
airline_earnings_sensitivity,China Eastern Airlines,walk_forward_integrated,H1-2026,-984.306787239997,-0.0663035802794854,3.0,-5.0,0.0,134147.17833,22016.0404765474,4024.4153498999995,1100.8020238273702,-0.0,4140.910586487373,0.2789345771669387,marginal,"Mechanical sensitivity surface: yield on passenger revenue, fuel on fuel-cost share of operating cost, FX on a structural USD-cost share.  Excludes hedging, pass-through, demand response and surcharge recovery; vs_consensus_status uses 1.0 RMB EPS as a simple threshold, not Street consensus.",2026-08-10T16:50:23.533314+00:00
airline_earnings_sensitivity,China Eastern Airlines,walk_forward_integrated,H1-2026,-984.306787239997,-0.0663035802794854,3.0,-5.0,3.0,134147.17833,22016.0404765474,4024.4153498999995,1100.8020238273702,-932.7660688411037,3208.144517646269,0.21610281502822384,marginal,"Mechanical sensitivity surface: yield on passenger revenue, fuel on fuel-cost share of operating cost, FX on a structural USD-cost share.  Excludes hedging, pass-through, demand response and surcharge recovery; vs_consensus_status uses 1.0 RMB EPS as a simple threshold, not Street consensus.",2026-08-10T16:50:23.533314+00:00
airline_earnings_sensitivity,China Eastern Airlines,walk_forward_integrated,H1-2026,-984.306787239997,-0.0663035802794854,3.0,0.0,-3.0,134147.17833,22016.0404765474,4024.4153498999995,-0.0,932.7660688411037,3972.8746315011063,0.26761555999088893,marginal,"Mechanical sensitivity surface: yield on passenger revenue, fuel on fuel-cost share of operating cost, FX on a structural USD-cost share.  Excludes hedging, pass-through, demand response and surcharge recovery; vs_consensus_status uses 1.0 RMB EPS as a simple threshold, not Street consensus.",2026-08-10T16:50:23.533314+00:00
airline_earnings_sensitivity,China Eastern Airlines,walk_forward_integrated,H1-2026,-984.306787239997,-0.0663035802794854,3.0,0.0,0.0,134147.17833,22016.0404765474,4024.4153498999995,-0.0,-0.0,3040.1085626600025,0.20478379785217404,marginal,"Mechanical sensitivity surface: yield on passenger revenue, fuel on fuel-cost share of operating cost, FX on a structural USD-cost share.  Excludes hedging, pass-through, demand response and surcharge recovery; vs_consensus_status uses 1.0 RMB EPS as a simple threshold, not Street consensus.",2026-08-10T16:50:23.533314+00:00
airline_earnings_sensitivity,China Eastern Airlines,walk_forward_integrated,H1-2026,-984.306787239997,-0.0663035802794854,3.0,0.0,3.0,134147.17833,22016.0404765474,4024.4153498999995,-0.0,-932.7660688411037,2107.3424938188987,0.14195203571345916,marginal,"Mechanical sensitivity surface: yield on passenger revenue, fuel on fuel-cost share of operating cost, FX on a structural USD-cost share.  Excludes hedging, pass-through, demand response and surcharge recovery; vs_consensus_status uses 1.0 RMB EPS as a simple threshold, not Street consensus.",2026-08-10T16:50:23.533314+00:00
airline_earnings_sensitivity,China Eastern Airlines,walk_forward_integrated,H1-2026,-984.306787239997,-0.0663035802794854,3.0,5.0,-3.0,134147.17833,22016.0404765474,4024.4153498999995,-1100.8020238273702,932.7660688411037,2872.072607673736,0.19346478067612424,marginal,"Mechanical sensitivity surface: yield on passenger revenue, fuel on fuel-cost share of operating cost, FX on a structural USD-cost share.  Excludes hedging, pass-through, demand response and surcharge recovery; vs_consensus_status uses 1.0 RMB EPS as a simple threshold, not Street consensus.",2026-08-10T16:50:23.533314+00:00
airline_earnings_sensitivity,China Eastern Airlines,walk_forward_integrated,H1-2026,-984.306787239997,-0.0663035802794854,3.0,5.0,0.0,134147.17833,22016.0404765474,4024.4153498999995,-1100.8020238273702,-0.0,1939.3065388326322,0.13063301853740938,marginal,"Mechanical sensitivity surface: yield on passenger revenue, fuel on fuel-cost share of operating cost, FX on a structural USD-cost share.  Excludes hedging, pass-through, demand response and surcharge recovery; vs_consensus_status uses 1.0 RMB EPS as a simple threshold, not Street consensus.",2026-08-10T16:50:23.533314+00:00
airline_earnings_sensitivity,China Eastern Airlines,walk_forward_integrated,H1-2026,-984.306787239997,-0.0663035802794854,3.0,5.0,3.0,134147.17833,22016.0404765474,4024.4153498999995,-1100.8020238273702,-932.7660688411037,1006.5404699915285,0.0678012563986945,marginal,"Mechanical sensitivity surface: yield on passenger revenue, fuel on fuel-cost share of operating cost, FX on a structural USD-cost share.  Excludes hedging, pass-through, demand response and surcharge recovery; vs_consensus_status uses 1.0 RMB EPS as a simple threshold, not Street consensus.",2026-08-10T16:50:23.533314+00:00
airline_earnings_sensitivity,China Southern Airlines,walk_forward_integrated,H1-2026,-302.3316069409939,-0.0176389502299296,-3.0,-5.0,-3.0,156687.99999999997,29220.460007570364,-4700.6399999999985,1461.0230003785182,1230.006352864073,-2311.942253698401,-0.1348857790955891,miss,"Mechanical sensitivity surface: yield on passenger revenue, fuel on fuel-cost share of operating cost, FX on a structural USD-cost share.  Excludes hedging, pass-through, demand response and surcharge recovery; vs_consensus_status uses 1.0 RMB EPS as a simple threshold, not Street consensus.",2026-08-10T16:50:23.533314+00:00
airline_earnings_sensitivity,China Southern Airlines,walk_forward_integrated,H1-2026,-302.3316069409939,-0.0176389502299296,-3.0,-5.0,0.0,156687.99999999997,29220.460007570364,-4700.6399999999985,1461.0230003785182,-0.0,-3541.948606562474,-0.20664811006782194,miss,"Mechanical sensitivity surface: yield on passenger revenue, fuel on fuel-cost share of operating cost, FX on a structural USD-cost share.  Excludes hedging, pass-through, demand response and surcharge recovery; vs_consensus_status uses 1.0 RMB EPS as a simple threshold, not Street consensus.",2026-08-10T16:50:23.533314+00:00
airline_earnings_sensitivity,China Southern Airlines,walk_forward_integrated,H1-2026,-302.3316069409939,-0.0176389502299296,-3.0,-5.0,3.0,156687.99999999997,29220.460007570364,-4700.6399999999985,1461.0230003785182,-1230.006352864073,-4771.954959426547,-0.2784104410400548,miss,"Mechanical sensitivity surface: yield on passenger revenue, fuel on fuel-cost share of operating cost, FX on a structural USD-cost share.  Excludes hedging, pass-through, demand response and surcharge recovery; vs_consensus_status uses 1.0 RMB EPS as a simple threshold, not Street consensus.",2026-08-10T16:50:23.533314+00:00
airline_earnings_sensitivity,China Southern Airlines,walk_forward_integrated,H1-2026,-302.3316069409939,-0.0176389502299296,-3.0,0.0,-3.0,156687.99999999997,29220.460007570364,-4700.6399999999985,-0.0,1230.006352864073,-3772.9652540769193,-0.22012632754241032,miss,"Mechanical sensitivity surface: yield on passenger revenue, fuel on fuel-cost share of operating cost, FX on a structural USD-cost share.  Excludes hedging, pass-through, demand response and surcharge recovery; vs_consensus_status uses 1.0 RMB EPS as a simple threshold, not Street consensus.",2026-08-10T16:50:23.533314+00:00
airline_earnings_sensitivity,China Southern Airlines,walk_forward_integrated,H1-2026,-302.3316069409939,-0.0176389502299296,-3.0,0.0,0.0,156687.99999999997,29220.460007570364,-4700.6399999999985,-0.0,-0.0,-5002.971606940992,-0.2918886585146432,miss,"Mechanical sensitivity surface: yield on passenger revenue, fuel on fuel-cost share of operating cost, FX on a structural USD-cost share.  Excludes hedging, pass-through, demand response and surcharge recovery; vs_consensus_status uses 1.0 RMB EPS as a simple threshold, not Street consensus.",2026-08-10T16:50:23.533314+00:00
airline_earnings_sensitivity,China Southern Airlines,walk_forward_integrated,H1-2026,-302.3316069409939,-0.0176389502299296,-3.0,0.0,3.0,156687.99999999997,29220.460007570364,-4700.6399999999985,-0.0,-1230.006352864073,-6232.977959805065,-0.363650989486876,miss,"Mechanical sensitivity surface: yield on passenger revenue, fuel on fuel-cost share of operating cost, FX on a structural USD-cost share.  Excludes hedging, pass-through, demand response and surcharge recovery; vs_consensus_status uses 1.0 RMB EPS as a simple threshold, not Street consensus.",2026-08-10T16:50:23.533314+00:00
airline_earnings_sensitivity,China Southern Airlines,walk_forward_integrated,H1-2026,-302.3316069409939,-0.0176389502299296,-3.0,5.0,-3.0,156687.99999999997,29220.460007570364,-4700.6399999999985,-1461.0230003785182,1230.006352864073,-5233.9882544554375,-0.30536687598923157,miss,"Mechanical sensitivity surface: yield on passenger revenue, fuel on fuel-cost share of operating cost, FX on a structural USD-cost share.  Excludes hedging, pass-through, demand response and surcharge recovery; vs_consensus_status uses 1.0 RMB EPS as a simple threshold, not Street consensus.",2026-08-10T16:50:23.533314+00:00
airline_earnings_sensitivity,China Southern Airlines,walk_forward_integrated,H1-2026,-302.3316069409939,-0.0176389502299296,-3.0,5.0,0.0,156687.99999999997,29220.460007570364,-4700.6399999999985,-1461.0230003785182,-0.0,-6463.994607319511,-0.3771292069614644,miss,"Mechanical sensitivity surface: yield on passenger revenue, fuel on fuel-cost share of operating cost, FX on a structural USD-cost share.  Excludes hedging, pass-through, demand response and surcharge recovery; vs_consensus_status uses 1.0 RMB EPS as a simple threshold, not Street consensus.",2026-08-10T16:50:23.533314+00:00
airline_earnings_sensitivity,China Southern Airlines,walk_forward_integrated,H1-2026,-302.3316069409939,-0.0176389502299296,-3.0,5.0,3.0,156687.99999999997,29220.460007570364,-4700.6399999999985,-1461.0230003785182,-1230.006352864073,-7694.000960183584,-0.44889153793369724,miss,"Mechanical sensitivity surface: yield on passenger revenue, fuel on fuel-cost share of operating cost, FX on a structural USD-cost share.  Excludes hedging, pass-through, demand response and surcharge recovery; vs_consensus_status uses 1.0 RMB EPS as a simple threshold, not Street consensus.",2026-08-10T16:50:23.533314+00:00
airline_earnings_sensitivity,China Southern Airlines,walk_forward_integrated,H1-2026,-302.3316069409939,-0.0176389502299296,0.0,-5.0,-3.0,156687.99999999997,29220.460007570364,0.0,1461.0230003785182,1230.006352864073,2388.6977463015974,0.13936392918912446,marginal,"Mechanical sensitivity surface: yield on passenger revenue, fuel on fuel-cost share of operating cost, FX on a structural USD-cost share.  Excludes hedging, pass-through, demand response and surcharge recovery; vs_consensus_status uses 1.0 RMB EPS as a simple threshold, not Street consensus.",2026-08-10T16:50:23.533314+00:00
airline_earnings_sensitivity,China Southern Airlines,walk_forward_integrated,H1-2026,-302.3316069409939,-0.0176389502299296,0.0,-5.0,0.0,156687.99999999997,29220.460007570364,0.0,1461.0230003785182,-0.0,1158.6913934375243,0.06760159821689161,marginal,"Mechanical sensitivity surface: yield on passenger revenue, fuel on fuel-cost share of operating cost, FX on a structural USD-cost share.  Excludes hedging, pass-through, demand response and surcharge recovery; vs_consensus_status uses 1.0 RMB EPS as a simple threshold, not Street consensus.",2026-08-10T16:50:23.533314+00:00
airline_earnings_sensitivity,China Southern Airlines,walk_forward_integrated,H1-2026,-302.3316069409939,-0.0176389502299296,0.0,-5.0,3.0,156687.99999999997,29220.460007570364,0.0,1461.0230003785182,-1230.006352864073,-71.31495942654874,-0.0041607327553412265,miss,"Mechanical sensitivity surface: yield on passenger revenue, fuel on fuel-cost share of operating cost, FX on a structural USD-cost share.  Excludes hedging, pass-through, demand response and surcharge recovery; vs_consensus_status uses 1.0 RMB EPS as a simple threshold, not Street consensus.",2026-08-10T16:50:23.533314+00:00
airline_earnings_sensitivity,China Southern Airlines,walk_forward_integrated,H1-2026,-302.3316069409939,-0.0176389502299296,0.0,0.0,-3.0,156687.99999999997,29220.460007570364,0.0,-0.0,1230.006352864073,927.6747459230792,0.054123380742303245,marginal,"Mechanical sensitivity surface: yield on passenger revenue, fuel on fuel-cost share of operating cost, FX on a structural USD-cost share.  Excludes hedging, pass-through, demand response and surcharge recovery; vs_consensus_status uses 1.0 RMB EPS as a simple threshold, not Street consensus.",2026-08-10T16:50:23.533314+00:00
airline_earnings_sensitivity,China Southern Airlines,walk_forward_integrated,H1-2026,-302.3316069409939,-0.0176389502299296,0.0,0.0,0.0,156687.99999999997,29220.460007570364,0.0,-0.0,-0.0,-302.3316069409939,-0.0176389502299296,miss,"Mechanical sensitivity surface: yield on passenger revenue, fuel on fuel-cost share of operating cost, FX on a structural USD-cost share.  Excludes hedging, pass-through, demand response and surcharge recovery; vs_consensus_status uses 1.0 RMB EPS as a simple threshold, not Street consensus.",2026-08-10T16:50:23.533314+00:00
airline_earnings_sensitivity,China Southern Airlines,walk_forward_integrated,H1-2026,-302.3316069409939,-0.0176389502299296,0.0,0.0,3.0,156687.99999999997,29220.460007570364,0.0,-0.0,-1230.006352864073,-1532.337959805067,-0.08940128120216245,miss,"Mechanical sensitivity surface: yield on passenger revenue, fuel on fuel-cost share of operating cost, FX on a structural USD-cost share.  Excludes hedging, pass-through, demand response and surcharge recovery; vs_consensus_status uses 1.0 RMB EPS as a simple threshold, not Street consensus.",2026-08-10T16:50:23.533314+00:00
airline_earnings_sensitivity,China Southern Airlines,walk_forward_integrated,H1-2026,-302.3316069409939,-0.0176389502299296,0.0,5.0,-3.0,156687.99999999997,29220.460007570364,0.0,-1461.0230003785182,1230.006352864073,-533.348254455439,-0.031117167704517976,miss,"Mechanical sensitivity surface: yield on passenger revenue, fuel on fuel-cost share of operating cost, FX on a structural USD-cost share.  Excludes hedging, pass-through, demand response and surcharge recovery; vs_consensus_status uses 1.0 RMB EPS as a simple threshold, not Street consensus.",2026-08-10T16:50:23.533314+00:00
airline_earnings_sensitivity,China Southern Airlines,walk_forward_integrated,H1-2026,-302.3316069409939,-0.0176389502299296,0.0,5.0,0.0,156687.99999999997,29220.460007570364,0.0,-1461.0230003785182,-0.0,-1763.354607319512,-0.10287949867675082,miss,"Mechanical sensitivity surface: yield on passenger revenue, fuel on fuel-cost share of operating cost, FX on a structural USD-cost share.  Excludes hedging, pass-through, demand response and surcharge recovery; vs_consensus_status uses 1.0 RMB EPS as a simple threshold, not Street consensus.",2026-08-10T16:50:23.533314+00:00
airline_earnings_sensitivity,China Southern Airlines,walk_forward_integrated,H1-2026,-302.3316069409939,-0.0176389502299296,0.0,5.0,3.0,156687.99999999997,29220.460007570364,0.0,-1461.0230003785182,-1230.006352864073,-2993.360960183585,-0.17464182964898367,miss,"Mechanical sensitivity surface: yield on passenger revenue, fuel on fuel-cost share of operating cost, FX on a structural USD-cost share.  Excludes hedging, pass-through, demand response and surcharge recovery; vs_consensus_status uses 1.0 RMB EPS as a simple threshold, not Street consensus.",2026-08-10T16:50:23.533314+00:00
airline_earnings_sensitivity,China Southern Airlines,walk_forward_integrated,H1-2026,-302.3316069409939,-0.0176389502299296,3.0,-5.0,-3.0,156687.99999999997,29220.460007570364,4700.6399999999985,1461.0230003785182,1230.006352864073,7089.337746301596,0.413613637473838,marginal,"Mechanical sensitivity surface: yield on passenger revenue, fuel on fuel-cost share of operating cost, FX on a structural USD-cost share.  Excludes hedging, pass-through, demand response and surcharge recovery; vs_consensus_status uses 1.0 RMB EPS as a simple threshold, not Street consensus.",2026-08-10T16:50:23.533314+00:00
airline_earnings_sensitivity,China Southern Airlines,walk_forward_integrated,H1-2026,-302.3316069409939,-0.0176389502299296,3.0,-5.0,0.0,156687.99999999997,29220.460007570364,4700.6399999999985,1461.0230003785182,-0.0,5859.331393437523,0.34185130650160517,marginal,"Mechanical sensitivity surface: yield on passenger revenue, fuel on fuel-cost share of operating cost, FX on a structural USD-cost share.  Excludes hedging, pass-through, demand response and surcharge recovery; vs_consensus_status uses 1.0 RMB EPS as a simple threshold, not Street consensus.",2026-08-10T16:50:23.533314+00:00
airline_earnings_sensitivity,China Southern Airlines,walk_forward_integrated,H1-2026,-302.3316069409939,-0.0176389502299296,3.0,-5.0,3.0,156687.99999999997,29220.460007570364,4700.6399999999985,1461.0230003785182,-1230.006352864073,4629.32504057345,0.27008897552937233,marginal,"Mechanical sensitivity surface: yield on passenger revenue, fuel on fuel-cost share of operating cost, FX on a structural USD-cost share.  Excludes hedging, pass-through, demand response and surcharge recovery; vs_consensus_status uses 1.0 RMB EPS as a simple threshold, not Street consensus.",2026-08-10T16:50:23.533314+00:00
airline_earnings_sensitivity,China Southern Airlines,walk_forward_integrated,H1-2026,-302.3316069409939,-0.0176389502299296,3.0,0.0,-3.0,156687.99999999997,29220.460007570364,4700.6399999999985,-0.0,1230.006352864073,5628.314745923078,0.3283730890270168,marginal,"Mechanical sensitivity surface: yield on passenger revenue, fuel on fuel-cost share of operating cost, FX on a structural USD-cost share.  Excludes hedging, pass-through, demand response and surcharge recovery; vs_consensus_status uses 1.0 RMB EPS as a simple threshold, not Street consensus.",2026-08-10T16:50:23.533314+00:00
airline_earnings_sensitivity,China Southern Airlines,walk_forward_integrated,H1-2026,-302.3316069409939,-0.0176389502299296,3.0,0.0,0.0,156687.99999999997,29220.460007570364,4700.6399999999985,-0.0,-0.0,4398.308393059005,0.25661075805478395,marginal,"Mechanical sensitivity surface: yield on passenger revenue, fuel on fuel-cost share of operating cost, FX on a structural USD-cost share.  Excludes hedging, pass-through, demand response and surcharge recovery; vs_consensus_status uses 1.0 RMB EPS as a simple threshold, not Street consensus.",2026-08-10T16:50:23.533314+00:00
airline_earnings_sensitivity,China Southern Airlines,walk_forward_integrated,H1-2026,-302.3316069409939,-0.0176389502299296,3.0,0.0,3.0,156687.99999999997,29220.460007570364,4700.6399999999985,-0.0,-1230.006352864073,3168.3020401949316,0.18484842708255111,marginal,"Mechanical sensitivity surface: yield on passenger revenue, fuel on fuel-cost share of operating cost, FX on a structural USD-cost share.  Excludes hedging, pass-through, demand response and surcharge recovery; vs_consensus_status uses 1.0 RMB EPS as a simple threshold, not Street consensus.",2026-08-10T16:50:23.533314+00:00
airline_earnings_sensitivity,China Southern Airlines,walk_forward_integrated,H1-2026,-302.3316069409939,-0.0176389502299296,3.0,5.0,-3.0,156687.99999999997,29220.460007570364,4700.6399999999985,-1461.0230003785182,1230.006352864073,4167.2917455445595,0.2431325405801956,marginal,"Mechanical sensitivity surface: yield on passenger revenue, fuel on fuel-cost share of operating cost, FX on a structural USD-cost share.  Excludes hedging, pass-through, demand response and surcharge recovery; vs_consensus_status uses 1.0 RMB EPS as a simple threshold, not Street consensus.",2026-08-10T16:50:23.533314+00:00
airline_earnings_sensitivity,China Southern Airlines,walk_forward_integrated,H1-2026,-302.3316069409939,-0.0176389502299296,3.0,5.0,0.0,156687.99999999997,29220.460007570364,4700.6399999999985,-1461.0230003785182,-0.0,2937.2853926804864,0.17137020960796273,marginal,"Mechanical sensitivity surface: yield on passenger revenue, fuel on fuel-cost share of operating cost, FX on a structural USD-cost share.  Excludes hedging, pass-through, demand response and surcharge recovery; vs_consensus_status uses 1.0 RMB EPS as a simple threshold, not Street consensus.",2026-08-10T16:50:23.533314+00:00
airline_earnings_sensitivity,China Southern Airlines,walk_forward_integrated,H1-2026,-302.3316069409939,-0.0176389502299296,3.0,5.0,3.0,156687.99999999997,29220.460007570364,4700.6399999999985,-1461.0230003785182,-1230.006352864073,1707.2790398164134,0.0996078786357299,marginal,"Mechanical sensitivity surface: yield on passenger revenue, fuel on fuel-cost share of operating cost, FX on a structural USD-cost share.  Excludes hedging, pass-through, demand response and surcharge recovery; vs_consensus_status uses 1.0 RMB EPS as a simple threshold, not Street consensus.",2026-08-10T16:50:23.533314+00:00
airline_earnings_sensitivity,Hainan Airlines Holdings,walk_forward_integrated,H1-2026,-1166.0854417729006,-0.0270965121639217,-3.0,-5.0,-3.0,60219.70199999999,10505.056287980598,-1806.5910599999997,525.2528143990298,396.7035675390494,-2050.720119834821,-0.04765290833870572,miss,"Mechanical sensitivity surface: yield on passenger revenue, fuel on fuel-cost share of operating cost, FX on a structural USD-cost share.  Excludes hedging, pass-through, demand response and surcharge recovery; vs_consensus_status uses 1.0 RMB EPS as a simple threshold, not Street consensus.",2026-08-10T16:50:23.533314+00:00
airline_earnings_sensitivity,Hainan Airlines Holdings,walk_forward_integrated,H1-2026,-1166.0854417729006,-0.0270965121639217,-3.0,-5.0,0.0,60219.70199999999,10505.056287980598,-1806.5910599999997,525.2528143990298,-0.0,-2447.4236873738705,-0.056871171990938545,miss,"Mechanical sensitivity surface: yield on passenger revenue, fuel on fuel-cost share of operating cost, FX on a structural USD-cost share.  Excludes hedging, pass-through, demand response and surcharge recovery; vs_consensus_status uses 1.0 RMB EPS as a simple threshold, not Street consensus.",2026-08-10T16:50:23.533314+00:00
airline_earnings_sensitivity,Hainan Airlines Holdings,walk_forward_integrated,H1-2026,-1166.0854417729006,-0.0270965121639217,-3.0,-5.0,3.0,60219.70199999999,10505.056287980598,-1806.5910599999997,525.2528143990298,-396.7035675390494,-2844.12725491292,-0.06608943564317137,miss,"Mechanical sensitivity surface: yield on passenger revenue, fuel on fuel-cost share of operating cost, FX on a structural USD-cost share.  Excludes hedging, pass-through, demand response and surcharge recovery; vs_consensus_status uses 1.0 RMB EPS as a simple threshold, not Street consensus.",2026-08-10T16:50:23.533314+00:00
airline_earnings_sensitivity,Hainan Airlines Holdings,walk_forward_integrated,H1-2026,-1166.0854417729006,-0.0270965121639217,-3.0,0.0,-3.0,60219.70199999999,10505.056287980598,-1806.5910599999997,-0.0,396.7035675390494,-2575.972934233851,-0.059858291207441724,miss,"Mechanical sensitivity surface: yield on passenger revenue, fuel on fuel-cost share of operating cost, FX on a structural USD-cost share.  Excludes hedging, pass-through, demand response and surcharge recovery; vs_consensus_status uses 1.0 RMB EPS as a simple threshold, not Street consensus.",2026-08-10T16:50:23.533314+00:00
airline_earnings_sensitivity,Hainan Airlines Holdings,walk_forward_integrated,H1-2026,-1166.0854417729006,-0.0270965121639217,-3.0,0.0,0.0,60219.70199999999,10505.056287980598,-1806.5910599999997,-0.0,-0.0,-2972.6765017729003,-0.06907655485967455,miss,"Mechanical sensitivity surface: yield on passenger revenue, fuel on fuel-cost share of operating cost, FX on a structural USD-cost share.  Excludes hedging, pass-through, demand response and surcharge recovery; vs_consensus_status uses 1.0 RMB EPS as a simple threshold, not Street consensus.",2026-08-10T16:50:23.533314+00:00
airline_earnings_sensitivity,Hainan Airlines Holdings,walk_forward_integrated,H1-2026,-1166.0854417729006,-0.0270965121639217,-3.0,0.0,3.0,60219.70199999999,10505.056287980598,-1806.5910599999997,-0.0,-396.7035675390494,-3369.3800693119497,-0.07829481851190738,miss,"Mechanical sensitivity surface: yield on passenger revenue, fuel on fuel-cost share of operating cost, FX on a structural USD-cost share.  Excludes hedging, pass-through, demand response and surcharge recovery; vs_consensus_status uses 1.0 RMB EPS as a simple threshold, not Street consensus.",2026-08-10T16:50:23.533314+00:00
airline_earnings_sensitivity,Hainan Airlines Holdings,walk_forward_integrated,H1-2026,-1166.0854417729006,-0.0270965121639217,-3.0,5.0,-3.0,60219.70199999999,10505.056287980598,-1806.5910599999997,-525.2528143990298,396.7035675390494,-3101.225748632881,-0.07206367407617774,miss,"Mechanical sensitivity surface: yield on passenger revenue, fuel on fuel-cost share of operating cost, FX on a structural USD-cost share.  Excludes hedging, pass-through, demand response and surcharge recovery; vs_consensus_status uses 1.0 RMB EPS as a simple threshold, not Street consensus.",2026-08-10T16:50:23.533314+00:00
airline_earnings_sensitivity,Hainan Airlines Holdings,walk_forward_integrated,H1-2026,-1166.0854417729006,-0.0270965121639217,-3.0,5.0,0.0,60219.70199999999,10505.056287980598,-1806.5910599999997,-525.2528143990298,-0.0,-3497.92931617193,-0.08128193772841055,miss,"Mechanical sensitivity surface: yield on passenger revenue, fuel on fuel-cost share of operating cost, FX on a structural USD-cost share.  Excludes hedging, pass-through, demand response and surcharge recovery; vs_consensus_status uses 1.0 RMB EPS as a simple threshold, not Street consensus.",2026-08-10T16:50:23.533314+00:00
airline_earnings_sensitivity,Hainan Airlines Holdings,walk_forward_integrated,H1-2026,-1166.0854417729006,-0.0270965121639217,-3.0,5.0,3.0,60219.70199999999,10505.056287980598,-1806.5910599999997,-525.2528143990298,-396.7035675390494,-3894.6328837109795,-0.09050020138064338,miss,"Mechanical sensitivity surface: yield on passenger revenue, fuel on fuel-cost share of operating cost, FX on a structural USD-cost share.  Excludes hedging, pass-through, demand response and surcharge recovery; vs_consensus_status uses 1.0 RMB EPS as a simple threshold, not Street consensus.",2026-08-10T16:50:23.533314+00:00
airline_earnings_sensitivity,Hainan Airlines Holdings,walk_forward_integrated,H1-2026,-1166.0854417729006,-0.0270965121639217,0.0,-5.0,-3.0,60219.70199999999,10505.056287980598,0.0,525.2528143990298,396.7035675390494,-244.12905983482136,-0.005672865642952869,miss,"Mechanical sensitivity surface: yield on passenger revenue, fuel on fuel-cost share of operating cost, FX on a structural USD-cost share.  Excludes hedging, pass-through, demand response and surcharge recovery; vs_consensus_status uses 1.0 RMB EPS as a simple threshold, not Street consensus.",2026-08-10T16:50:23.533314+00:00
airline_earnings_sensitivity,Hainan Airlines Holdings,walk_forward_integrated,H1-2026,-1166.0854417729006,-0.0270965121639217,0.0,-5.0,0.0,60219.70199999999,10505.056287980598,0.0,525.2528143990298,-0.0,-640.8326273738708,-0.014891129295185693,miss,"Mechanical sensitivity surface: yield on passenger revenue, fuel on fuel-cost share of operating cost, FX on a structural USD-cost share.  Excludes hedging, pass-through, demand response and surcharge recovery; vs_consensus_status uses 1.0 RMB EPS as a simple threshold, not Street consensus.",2026-08-10T16:50:23.533314+00:00
airline_earnings_sensitivity,Hainan Airlines Holdings,walk_forward_integrated,H1-2026,-1166.0854417729006,-0.0270965121639217,0.0,-5.0,3.0,60219.70199999999,10505.056287980598,0.0,525.2528143990298,-396.7035675390494,-1037.53619491292,-0.02410939294741852,miss,"Mechanical sensitivity surface: yield on passenger revenue, fuel on fuel-cost share of operating cost, FX on a structural USD-cost share.  Excludes hedging, pass-through, demand response and surcharge recovery; vs_consensus_status uses 1.0 RMB EPS as a simple threshold, not Street consensus.",2026-08-10T16:50:23.533314+00:00
airline_earnings_sensitivity,Hainan Airlines Holdings,walk_forward_integrated,H1-2026,-1166.0854417729006,-0.0270965121639217,0.0,0.0,-3.0,60219.70199999999,10505.056287980598,0.0,-0.0,396.7035675390494,-769.3818742338512,-0.017878248511688878,miss,"Mechanical sensitivity surface: yield on passenger revenue, fuel on fuel-cost share of operating cost, FX on a structural USD-cost share.  Excludes hedging, pass-through, demand response and surcharge recovery; vs_consensus_status uses 1.0 RMB EPS as a simple threshold, not Street consensus.",2026-08-10T16:50:23.533314+00:00
airline_earnings_sensitivity,Hainan Airlines Holdings,walk_forward_integrated,H1-2026,-1166.0854417729006,-0.0270965121639217,0.0,0.0,0.0,60219.70199999999,10505.056287980598,0.0,-0.0,-0.0,-1166.0854417729006,-0.0270965121639217,miss,"Mechanical sensitivity surface: yield on passenger revenue, fuel on fuel-cost share of operating cost, FX on a structural USD-cost share.  Excludes hedging, pass-through, demand response and surcharge recovery; vs_consensus_status uses 1.0 RMB EPS as a simple threshold, not Street consensus.",2026-08-10T16:50:23.533314+00:00
airline_earnings_sensitivity,Hainan Airlines Holdings,walk_forward_integrated,H1-2026,-1166.0854417729006,-0.0270965121639217,0.0,0.0,3.0,60219.70199999999,10505.056287980598,0.0,-0.0,-396.7035675390494,-1562.78900931195,-0.036314775816154526,miss,"Mechanical sensitivity surface: yield on passenger revenue, fuel on fuel-cost share of operating cost, FX on a structural USD-cost share.  Excludes hedging, pass-through, demand response and surcharge recovery; vs_consensus_status uses 1.0 RMB EPS as a simple threshold, not Street consensus.",2026-08-10T16:50:23.533314+00:00
airline_earnings_sensitivity,Hainan Airlines Holdings,walk_forward_integrated,H1-2026,-1166.0854417729006,-0.0270965121639217,0.0,5.0,-3.0,60219.70199999999,10505.056287980598,0.0,-525.2528143990298,396.7035675390494,-1294.634688632881,-0.030083631380424882,miss,"Mechanical sensitivity surface: yield on passenger revenue, fuel on fuel-cost share of operating cost, FX on a structural USD-cost share.  Excludes hedging, pass-through, demand response and surcharge recovery; vs_consensus_status uses 1.0 RMB EPS as a simple threshold, not Street consensus.",2026-08-10T16:50:23.533314+00:00
airline_earnings_sensitivity,Hainan Airlines Holdings,walk_forward_integrated,H1-2026,-1166.0854417729006,-0.0270965121639217,0.0,5.0,0.0,60219.70199999999,10505.056287980598,0.0,-525.2528143990298,-0.0,-1691.3382561719304,-0.039301895032657706,miss,"Mechanical sensitivity surface: yield on passenger revenue, fuel on fuel-cost share of operating cost, FX on a structural USD-cost share.  Excludes hedging, pass-through, demand response and surcharge recovery; vs_consensus_status uses 1.0 RMB EPS as a simple threshold, not Street consensus.",2026-08-10T16:50:23.533314+00:00
airline_earnings_sensitivity,Hainan Airlines Holdings,walk_forward_integrated,H1-2026,-1166.0854417729006,-0.0270965121639217,0.0,5.0,3.0,60219.70199999999,10505.056287980598,0.0,-525.2528143990298,-396.7035675390494,-2088.0418237109798,-0.04852015868489053,miss,"Mechanical sensitivity surface: yield on passenger revenue, fuel on fuel-cost share of operating cost, FX on a structural USD-cost share.  Excludes hedging, pass-through, demand response and surcharge recovery; vs_consensus_status uses 1.0 RMB EPS as a simple threshold, not Street consensus.",2026-08-10T16:50:23.533314+00:00
airline_earnings_sensitivity,Hainan Airlines Holdings,walk_forward_integrated,H1-2026,-1166.0854417729006,-0.0270965121639217,3.0,-5.0,-3.0,60219.70199999999,10505.056287980598,1806.5910599999997,525.2528143990298,396.7035675390494,1562.4620001651783,0.03630717705279998,marginal,"Mechanical sensitivity surface: yield on passenger revenue, fuel on fuel-cost share of operating cost, FX on a structural USD-cost share.  Excludes hedging, pass-through, demand response and surcharge recovery; vs_consensus_status uses 1.0 RMB EPS as a simple threshold, not Street consensus.",2026-08-10T16:50:23.533314+00:00
airline_earnings_sensitivity,Hainan Airlines Holdings,walk_forward_integrated,H1-2026,-1166.0854417729006,-0.0270965121639217,3.0,-5.0,0.0,60219.70199999999,10505.056287980598,1806.5910599999997,525.2528143990298,-0.0,1165.758432626129,0.027088913400567155,marginal,"Mechanical sensitivity surface: yield on passenger revenue, fuel on fuel-cost share of operating cost, FX on a structural USD-cost share.  Excludes hedging, pass-through, demand response and surcharge recovery; vs_consensus_status uses 1.0 RMB EPS as a simple threshold, not Street consensus.",2026-08-10T16:50:23.533314+00:00
airline_earnings_sensitivity,Hainan Airlines Holdings,walk_forward_integrated,H1-2026,-1166.0854417729006,-0.0270965121639217,3.0,-5.0,3.0,60219.70199999999,10505.056287980598,1806.5910599999997,525.2528143990298,-396.7035675390494,769.0548650870796,0.017870649748334334,marginal,"Mechanical sensitivity surface: yield on passenger revenue, fuel on fuel-cost share of operating cost, FX on a structural USD-cost share.  Excludes hedging, pass-through, demand response and surcharge recovery; vs_consensus_status uses 1.0 RMB EPS as a simple threshold, not Street consensus.",2026-08-10T16:50:23.533314+00:00
airline_earnings_sensitivity,Hainan Airlines Holdings,walk_forward_integrated,H1-2026,-1166.0854417729006,-0.0270965121639217,3.0,0.0,-3.0,60219.70199999999,10505.056287980598,1806.5910599999997,-0.0,396.7035675390494,1037.2091857661485,0.024101794184063975,marginal,"Mechanical sensitivity surface: yield on passenger revenue, fuel on fuel-cost share of operating cost, FX on a structural USD-cost share.  Excludes hedging, pass-through, demand response and surcharge recovery; vs_consensus_status uses 1.0 RMB EPS as a simple threshold, not Street consensus.",2026-08-10T16:50:23.533314+00:00
airline_earnings_sensitivity,Hainan Airlines Holdings,walk_forward_integrated,H1-2026,-1166.0854417729006,-0.0270965121639217,3.0,0.0,0.0,60219.70199999999,10505.056287980598,1806.5910599999997,-0.0,-0.0,640.5056182270991,0.01488353053183115,marginal,"Mechanical sensitivity surface: yield on passenger revenue, fuel on fuel-cost share of operating cost, FX on a structural USD-cost share.  Excludes hedging, pass-through, demand response and surcharge recovery; vs_consensus_status uses 1.0 RMB EPS as a simple threshold, not Street consensus.",2026-08-10T16:50:23.533314+00:00
airline_earnings_sensitivity,Hainan Airlines Holdings,walk_forward_integrated,H1-2026,-1166.0854417729006,-0.0270965121639217,3.0,0.0,3.0,60219.70199999999,10505.056287980598,1806.5910599999997,-0.0,-396.7035675390494,243.80205068804975,0.005665266879598325,marginal,"Mechanical sensitivity surface: yield on passenger revenue, fuel on fuel-cost share of operating cost, FX on a structural USD-cost share.  Excludes hedging, pass-through, demand response and surcharge recovery; vs_consensus_status uses 1.0 RMB EPS as a simple threshold, not Street consensus.",2026-08-10T16:50:23.533314+00:00
airline_earnings_sensitivity,Hainan Airlines Holdings,walk_forward_integrated,H1-2026,-1166.0854417729006,-0.0270965121639217,3.0,5.0,-3.0,60219.70199999999,10505.056287980598,1806.5910599999997,-525.2528143990298,396.7035675390494,511.9563713671187,0.011896411315327968,marginal,"Mechanical sensitivity surface: yield on passenger revenue, fuel on fuel-cost share of operating cost, FX on a structural USD-cost share.  Excludes hedging, pass-through, demand response and surcharge recovery; vs_consensus_status uses 1.0 RMB EPS as a simple threshold, not Street consensus.",2026-08-10T16:50:23.533314+00:00
airline_earnings_sensitivity,Hainan Airlines Holdings,walk_forward_integrated,H1-2026,-1166.0854417729006,-0.0270965121639217,3.0,5.0,0.0,60219.70199999999,10505.056287980598,1806.5910599999997,-525.2528143990298,-0.0,115.25280382806932,0.0026781476630951435,marginal,"Mechanical sensitivity surface: yield on passenger revenue, fuel on fuel-cost share of operating cost, FX on a structural USD-cost share.  Excludes hedging, pass-through, demand response and surcharge recovery; vs_consensus_status uses 1.0 RMB EPS as a simple threshold, not Street consensus.",2026-08-10T16:50:23.533314+00:00
airline_earnings_sensitivity,Hainan Airlines Holdings,walk_forward_integrated,H1-2026,-1166.0854417729006,-0.0270965121639217,3.0,5.0,3.0,60219.70199999999,10505.056287980598,1806.5910599999997,-525.2528143990298,-396.7035675390494,-281.4507637109801,-0.0065401159891376815,miss,"Mechanical sensitivity surface: yield on passenger revenue, fuel on fuel-cost share of operating cost, FX on a structural USD-cost share.  Excludes hedging, pass-through, demand response and surcharge recovery; vs_consensus_status uses 1.0 RMB EPS as a simple threshold, not Street consensus.",2026-08-10T16:50:23.533314+00:00
airline_earnings_sensitivity,Juneyao Airlines,walk_forward_integrated,H1-2026,527.675695745234,0.2436273402922928,-3.0,-5.0,-3.0,21417.47734259,3769.438764958946,-642.5243202777,188.47193824794732,119.53822721857122,193.1615409340525,0.08918249001038836,marginal,"Mechanical sensitivity surface: yield on passenger revenue, fuel on fuel-cost share of operating cost, FX on a structural USD-cost share.  Excludes hedging, pass-through, demand response and surcharge recovery; vs_consensus_status uses 1.0 RMB EPS as a simple threshold, not Street consensus.",2026-08-10T16:50:23.533314+00:00
airline_earnings_sensitivity,Juneyao Airlines,walk_forward_integrated,H1-2026,527.675695745234,0.2436273402922928,-3.0,-5.0,0.0,21417.47734259,3769.438764958946,-642.5243202777,188.47193824794732,-0.0,73.62331371548129,0.03399181021342273,marginal,"Mechanical sensitivity surface: yield on passenger revenue, fuel on fuel-cost share of operating cost, FX on a structural USD-cost share.  Excludes hedging, pass-through, demand response and surcharge recovery; vs_consensus_status uses 1.0 RMB EPS as a simple threshold, not Street consensus.",2026-08-10T16:50:23.533314+00:00
airline_earnings_sensitivity,Juneyao Airlines,walk_forward_integrated,H1-2026,527.675695745234,0.2436273402922928,-3.0,-5.0,3.0,21417.47734259,3769.438764958946,-642.5243202777,188.47193824794732,-119.53822721857122,-45.914913503089934,-0.021198869583542907,miss,"Mechanical sensitivity surface: yield on passenger revenue, fuel on fuel-cost share of operating cost, FX on a structural USD-cost share.  Excludes hedging, pass-through, demand response and surcharge recovery; vs_consensus_status uses 1.0 RMB EPS as a simple threshold, not Street consensus.",2026-08-10T16:50:23.533314+00:00
airline_earnings_sensitivity,Juneyao Airlines,walk_forward_integrated,H1-2026,527.675695745234,0.2436273402922928,-3.0,0.0,-3.0,21417.47734259,3769.438764958946,-642.5243202777,-0.0,119.53822721857122,4.689602686105189,0.0021651848638391995,marginal,"Mechanical sensitivity surface: yield on passenger revenue, fuel on fuel-cost share of operating cost, FX on a structural USD-cost share.  Excludes hedging, pass-through, demand response and surcharge recovery; vs_consensus_status uses 1.0 RMB EPS as a simple threshold, not Street consensus.",2026-08-10T16:50:23.533314+00:00
airline_earnings_sensitivity,Juneyao Airlines,walk_forward_integrated,H1-2026,527.675695745234,0.2436273402922928,-3.0,0.0,0.0,21417.47734259,3769.438764958946,-642.5243202777,-0.0,-0.0,-114.84862453246603,-0.05302549493312644,miss,"Mechanical sensitivity surface: yield on passenger revenue, fuel on fuel-cost share of operating cost, FX on a structural USD-cost share.  Excludes hedging, pass-through, demand response and surcharge recovery; vs_consensus_status uses 1.0 RMB EPS as a simple threshold, not Street consensus.",2026-08-10T16:50:23.533314+00:00
airline_earnings_sensitivity,Juneyao Airlines,walk_forward_integrated,H1-2026,527.675695745234,0.2436273402922928,-3.0,0.0,3.0,21417.47734259,3769.438764958946,-642.5243202777,-0.0,-119.53822721857122,-234.38685175103726,-0.10821617473009207,miss,"Mechanical sensitivity surface: yield on passenger revenue, fuel on fuel-cost share of operating cost, FX on a structural USD-cost share.  Excludes hedging, pass-through, demand response and surcharge recovery; vs_consensus_status uses 1.0 RMB EPS as a simple threshold, not Street consensus.",2026-08-10T16:50:23.533314+00:00
airline_earnings_sensitivity,Juneyao Airlines,walk_forward_integrated,H1-2026,527.675695745234,0.2436273402922928,-3.0,5.0,-3.0,21417.47734259,3769.438764958946,-642.5243202777,-188.47193824794732,119.53822721857122,-183.78233556184213,-0.08485212028270996,miss,"Mechanical sensitivity surface: yield on passenger revenue, fuel on fuel-cost share of operating cost, FX on a structural USD-cost share.  Excludes hedging, pass-through, demand response and surcharge recovery; vs_consensus_status uses 1.0 RMB EPS as a simple threshold, not Street consensus.",2026-08-10T16:50:23.533314+00:00
airline_earnings_sensitivity,Juneyao Airlines,walk_forward_integrated,H1-2026,527.675695745234,0.2436273402922928,-3.0,5.0,0.0,21417.47734259,3769.438764958946,-642.5243202777,-188.47193824794732,-0.0,-303.32056278041335,-0.1400428000796756,miss,"Mechanical sensitivity surface: yield on passenger revenue, fuel on fuel-cost share of operating cost, FX on a structural USD-cost share.  Excludes hedging, pass-through, demand response and surcharge recovery; vs_consensus_status uses 1.0 RMB EPS as a simple threshold, not Street consensus.",2026-08-10T16:50:23.533314+00:00
airline_earnings_sensitivity,Juneyao Airlines,walk_forward_integrated,H1-2026,527.675695745234,0.2436273402922928,-3.0,5.0,3.0,21417.47734259,3769.438764958946,-642.5243202777,-188.47193824794732,-119.53822721857122,-422.85878999898455,-0.19523347987664122,miss,"Mechanical sensitivity surface: yield on passenger revenue, fuel on fuel-cost share of operating cost, FX on a structural USD-cost share.  Excludes hedging, pass-through, demand response and surcharge recovery; vs_consensus_status uses 1.0 RMB EPS as a simple threshold, not Street consensus.",2026-08-10T16:50:23.533314+00:00
airline_earnings_sensitivity,Juneyao Airlines,walk_forward_integrated,H1-2026,527.675695745234,0.2436273402922928,0.0,-5.0,-3.0,21417.47734259,3769.438764958946,0.0,188.47193824794732,119.53822721857122,835.6858612117525,0.38583532523580755,marginal,"Mechanical sensitivity surface: yield on passenger revenue, fuel on fuel-cost share of operating cost, FX on a structural USD-cost share.  Excludes hedging, pass-through, demand response and surcharge recovery; vs_consensus_status uses 1.0 RMB EPS as a simple threshold, not Street consensus.",2026-08-10T16:50:23.533314+00:00
airline_earnings_sensitivity,Juneyao Airlines,walk_forward_integrated,H1-2026,527.675695745234,0.2436273402922928,0.0,-5.0,0.0,21417.47734259,3769.438764958946,0.0,188.47193824794732,-0.0,716.1476339931812,0.3306446454388419,marginal,"Mechanical sensitivity surface: yield on passenger revenue, fuel on fuel-cost share of operating cost, FX on a structural USD-cost share.  Excludes hedging, pass-through, demand response and surcharge recovery; vs_consensus_status uses 1.0 RMB EPS as a simple threshold, not Street consensus.",2026-08-10T16:50:23.533314+00:00
airline_earnings_sensitivity,Juneyao Airlines,walk_forward_integrated,H1-2026,527.675695745234,0.2436273402922928,0.0,-5.0,3.0,21417.47734259,3769.438764958946,0.0,188.47193824794732,-119.53822721857122,596.60940677461,0.2754539656418763,marginal,"Mechanical sensitivity surface: yield on passenger revenue, fuel on fuel-cost share of operating cost, FX on a structural USD-cost share.  Excludes hedging, pass-through, demand response and surcharge recovery; vs_consensus_status uses 1.0 RMB EPS as a simple threshold, not Street consensus.",2026-08-10T16:50:23.533314+00:00
airline_earnings_sensitivity,Juneyao Airlines,walk_forward_integrated,H1-2026,527.675695745234,0.2436273402922928,0.0,0.0,-3.0,21417.47734259,3769.438764958946,0.0,-0.0,119.53822721857122,647.2139229638052,0.29881802008925845,marginal,"Mechanical sensitivity surface: yield on passenger revenue, fuel on fuel-cost share of operating cost, FX on a structural USD-cost share.  Excludes hedging, pass-through, demand response and surcharge recovery; vs_consensus_status uses 1.0 RMB EPS as a simple threshold, not Street consensus.",2026-08-10T16:50:23.533314+00:00
airline_earnings_sensitivity,Juneyao Airlines,walk_forward_integrated,H1-2026,527.675695745234,0.2436273402922928,0.0,0.0,0.0,21417.47734259,3769.438764958946,0.0,-0.0,-0.0,527.675695745234,0.2436273402922928,marginal,"Mechanical sensitivity surface: yield on passenger revenue, fuel on fuel-cost share of operating cost, FX on a structural USD-cost share.  Excludes hedging, pass-through, demand response and surcharge recovery; vs_consensus_status uses 1.0 RMB EPS as a simple threshold, not Street consensus.",2026-08-10T16:50:23.533314+00:00
airline_earnings_sensitivity,Juneyao Airlines,walk_forward_integrated,H1-2026,527.675695745234,0.2436273402922928,0.0,0.0,3.0,21417.47734259,3769.438764958946,0.0,-0.0,-119.53822721857122,408.1374685266627,0.18843666049532715,marginal,"Mechanical sensitivity surface: yield on passenger revenue, fuel on fuel-cost share of operating cost, FX on a structural USD-cost share.  Excludes hedging, pass-through, demand response and surcharge recovery; vs_consensus_status uses 1.0 RMB EPS as a simple threshold, not Street consensus.",2026-08-10T16:50:23.533314+00:00
airline_earnings_sensitivity,Juneyao Airlines,walk_forward_integrated,H1-2026,527.675695745234,0.2436273402922928,0.0,5.0,-3.0,21417.47734259,3769.438764958946,0.0,-188.47193824794732,119.53822721857122,458.7419847158578,0.21180071494270925,marginal,"Mechanical sensitivity surface: yield on passenger revenue, fuel on fuel-cost share of operating cost, FX on a structural USD-cost share.  Excludes hedging, pass-through, demand response and surcharge recovery; vs_consensus_status uses 1.0 RMB EPS as a simple threshold, not Street consensus.",2026-08-10T16:50:23.533314+00:00
airline_earnings_sensitivity,Juneyao Airlines,walk_forward_integrated,H1-2026,527.675695745234,0.2436273402922928,0.0,5.0,0.0,21417.47734259,3769.438764958946,0.0,-188.47193824794732,-0.0,339.20375749728663,0.15661003514574362,marginal,"Mechanical sensitivity surface: yield on passenger revenue, fuel on fuel-cost share of operating cost, FX on a structural USD-cost share.  Excludes hedging, pass-through, demand response and surcharge recovery; vs_consensus_status uses 1.0 RMB EPS as a simple threshold, not Street consensus.",2026-08-10T16:50:23.533314+00:00
airline_earnings_sensitivity,Juneyao Airlines,walk_forward_integrated,H1-2026,527.675695745234,0.2436273402922928,0.0,5.0,3.0,21417.47734259,3769.438764958946,0.0,-188.47193824794732,-119.53822721857122,219.6655302787154,0.101419355348778,marginal,"Mechanical sensitivity surface: yield on passenger revenue, fuel on fuel-cost share of operating cost, FX on a structural USD-cost share.  Excludes hedging, pass-through, demand response and surcharge recovery; vs_consensus_status uses 1.0 RMB EPS as a simple threshold, not Street consensus.",2026-08-10T16:50:23.533314+00:00
airline_earnings_sensitivity,Juneyao Airlines,walk_forward_integrated,H1-2026,527.675695745234,0.2436273402922928,3.0,-5.0,-3.0,21417.47734259,3769.438764958946,642.5243202777,188.47193824794732,119.53822721857122,1478.2101814894525,0.6824881604612268,marginal,"Mechanical sensitivity surface: yield on passenger revenue, fuel on fuel-cost share of operating cost, FX on a structural USD-cost share.  Excludes hedging, pass-through, demand response and surcharge recovery; vs_consensus_status uses 1.0 RMB EPS as a simple threshold, not Street consensus.",2026-08-10T16:50:23.533314+00:00
airline_earnings_sensitivity,Juneyao Airlines,walk_forward_integrated,H1-2026,527.675695745234,0.2436273402922928,3.0,-5.0,0.0,21417.47734259,3769.438764958946,642.5243202777,188.47193824794732,-0.0,1358.6719542708813,0.6272974806642612,marginal,"Mechanical sensitivity surface: yield on passenger revenue, fuel on fuel-cost share of operating cost, FX on a structural USD-cost share.  Excludes hedging, pass-through, demand response and surcharge recovery; vs_consensus_status uses 1.0 RMB EPS as a simple threshold, not Street consensus.",2026-08-10T16:50:23.533314+00:00
airline_earnings_sensitivity,Juneyao Airlines,walk_forward_integrated,H1-2026,527.675695745234,0.2436273402922928,3.0,-5.0,3.0,21417.47734259,3769.438764958946,642.5243202777,188.47193824794732,-119.53822721857122,1239.1337270523102,0.5721068008672956,marginal,"Mechanical sensitivity surface: yield on passenger revenue, fuel on fuel-cost share of operating cost, FX on a structural USD-cost share.  Excludes hedging, pass-through, demand response and surcharge recovery; vs_consensus_status uses 1.0 RMB EPS as a simple threshold, not Street consensus.",2026-08-10T16:50:23.533314+00:00
airline_earnings_sensitivity,Juneyao Airlines,walk_forward_integrated,H1-2026,527.675695745234,0.2436273402922928,3.0,0.0,-3.0,21417.47734259,3769.438764958946,642.5243202777,-0.0,119.53822721857122,1289.7382432415052,0.5954708553146777,marginal,"Mechanical sensitivity surface: yield on passenger revenue, fuel on fuel-cost share of operating cost, FX on a structural USD-cost share.  Excludes hedging, pass-through, demand response and surcharge recovery; vs_consensus_status uses 1.0 RMB EPS as a simple threshold, not Street consensus.",2026-08-10T16:50:23.533314+00:00
airline_earnings_sensitivity,Juneyao Airlines,walk_forward_integrated,H1-2026,527.675695745234,0.2436273402922928,3.0,0.0,0.0,21417.47734259,3769.438764958946,642.5243202777,-0.0,-0.0,1170.200016022934,0.5402801755177121,marginal,"Mechanical sensitivity surface: yield on passenger revenue, fuel on fuel-cost share of operating cost, FX on a structural USD-cost share.  Excludes hedging, pass-through, demand response and surcharge recovery; vs_consensus_status uses 1.0 RMB EPS as a simple threshold, not Street consensus.",2026-08-10T16:50:23.533314+00:00
airline_earnings_sensitivity,Juneyao Airlines,walk_forward_integrated,H1-2026,527.675695745234,0.2436273402922928,3.0,0.0,3.0,21417.47734259,3769.438764958946,642.5243202777,-0.0,-119.53822721857122,1050.661788804363,0.4850894957207465,marginal,"Mechanical sensitivity surface: yield on passenger revenue, fuel on fuel-cost share of operating cost, FX on a structural USD-cost share.  Excludes hedging, pass-through, demand response and surcharge recovery; vs_consensus_status uses 1.0 RMB EPS as a simple threshold, not Street consensus.",2026-08-10T16:50:23.533314+00:00
airline_earnings_sensitivity,Juneyao Airlines,walk_forward_integrated,H1-2026,527.675695745234,0.2436273402922928,3.0,5.0,-3.0,21417.47734259,3769.438764958946,642.5243202777,-188.47193824794732,119.53822721857122,1101.266304993558,0.5084535501681285,marginal,"Mechanical sensitivity surface: yield on passenger revenue, fuel on fuel-cost share of operating cost, FX on a structural USD-cost share.  Excludes hedging, pass-through, demand response and surcharge recovery; vs_consensus_status uses 1.0 RMB EPS as a simple threshold, not Street consensus.",2026-08-10T16:50:23.533314+00:00
airline_earnings_sensitivity,Juneyao Airlines,walk_forward_integrated,H1-2026,527.675695745234,0.2436273402922928,3.0,5.0,0.0,21417.47734259,3769.438764958946,642.5243202777,-188.47193824794732,-0.0,981.7280777749868,0.4532628703711629,marginal,"Mechanical sensitivity surface: yield on passenger revenue, fuel on fuel-cost share of operating cost, FX on a structural USD-cost share.  Excludes hedging, pass-through, demand response and surcharge recovery; vs_consensus_status uses 1.0 RMB EPS as a simple threshold, not Street consensus.",2026-08-10T16:50:23.533314+00:00
airline_earnings_sensitivity,Juneyao Airlines,walk_forward_integrated,H1-2026,527.675695745234,0.2436273402922928,3.0,5.0,3.0,21417.47734259,3769.438764958946,642.5243202777,-188.47193824794732,-119.53822721857122,862.1898505564155,0.3980721905741973,marginal,"Mechanical sensitivity surface: yield on passenger revenue, fuel on fuel-cost share of operating cost, FX on a structural USD-cost share.  Excludes hedging, pass-through, demand response and surcharge recovery; vs_consensus_status uses 1.0 RMB EPS as a simple threshold, not Street consensus.",2026-08-10T16:50:23.533314+00:00
airline_earnings_sensitivity,Spring Airlines,walk_forward_integrated,H1-2026,1794.1565059537102,1.8426207825430485,-3.0,-5.0,-3.0,20937.304189,4077.4579093623647,-628.1191256699999,203.87289546811823,109.25013749407941,1479.1604132459079,1.5191159238993353,beat,"Mechanical sensitivity surface: yield on passenger revenue, fuel on fuel-cost share of operating cost, FX on a structural USD-cost share.  Excludes hedging, pass-through, demand response and surcharge recovery; vs_consensus_status uses 1.0 RMB EPS as a simple threshold, not Street consensus.",2026-08-10T16:50:23.533314+00:00
airline_earnings_sensitivity,Spring Airlines,walk_forward_integrated,H1-2026,1794.1565059537102,1.8426207825430485,-3.0,-5.0,0.0,20937.304189,4077.4579093623647,-628.1191256699999,203.87289546811823,-0.0,1369.9102757518285,1.4069146899633536,beat,"Mechanical sensitivity surface: yield on passenger revenue, fuel on fuel-cost share of operating cost, FX on a structural USD-cost share.  Excludes hedging, pass-through, demand response and surcharge recovery; vs_consensus_status uses 1.0 RMB EPS as a simple threshold, not Street consensus.",2026-08-10T16:50:23.533314+00:00
airline_earnings_sensitivity,Spring Airlines,walk_forward_integrated,H1-2026,1794.1565059537102,1.8426207825430485,-3.0,-5.0,3.0,20937.304189,4077.4579093623647,-628.1191256699999,203.87289546811823,-109.25013749407941,1260.6601382577492,1.2947134560273716,beat,"Mechanical sensitivity surface: yield on passenger revenue, fuel on fuel-cost share of operating cost, FX on a structural USD-cost share.  Excludes hedging, pass-through, demand response and surcharge recovery; vs_consensus_status uses 1.0 RMB EPS as a simple threshold, not Street consensus.",2026-08-10T16:50:23.533314+00:00
airline_earnings_sensitivity,Spring Airlines,walk_forward_integrated,H1-2026,1794.1565059537102,1.8426207825430485,-3.0,0.0,-3.0,20937.304189,4077.4579093623647,-628.1191256699999,-0.0,109.25013749407941,1275.2875177777896,1.3097359545710223,beat,"Mechanical sensitivity surface: yield on passenger revenue, fuel on fuel-cost share of operating cost, FX on a structural USD-cost share.  Excludes hedging, pass-through, demand response and surcharge recovery; vs_consensus_status uses 1.0 RMB EPS as a simple threshold, not Street consensus.",2026-08-10T16:50:23.533314+00:00
airline_earnings_sensitivity,Spring Airlines,walk_forward_integrated,H1-2026,1794.1565059537102,1.8426207825430485,-3.0,0.0,0.0,20937.304189,4077.4579093623647,-628.1191256699999,-0.0,-0.0,1166.0373802837103,1.1975347206350404,beat,"Mechanical sensitivity surface: yield on passenger revenue, fuel on fuel-cost share of operating cost, FX on a structural USD-cost share.  Excludes hedging, pass-through, demand response and surcharge recovery; vs_consensus_status uses 1.0 RMB EPS as a simple threshold, not Street consensus.",2026-08-10T16:50:23.533314+00:00
airline_earnings_sensitivity,Spring Airlines,walk_forward_integrated,H1-2026,1794.1565059537102,1.8426207825430485,-3.0,0.0,3.0,20937.304189,4077.4579093623647,-628.1191256699999,-0.0,-109.25013749407941,1056.787242789631,1.0853334866990585,beat,"Mechanical sensitivity surface: yield on passenger revenue, fuel on fuel-cost share of operating cost, FX on a structural USD-cost share.  Excludes hedging, pass-through, demand response and surcharge recovery; vs_consensus_status uses 1.0 RMB EPS as a simple threshold, not Street consensus.",2026-08-10T16:50:23.533314+00:00
airline_earnings_sensitivity,Spring Airlines,walk_forward_integrated,H1-2026,1794.1565059537102,1.8426207825430485,-3.0,5.0,-3.0,20937.304189,4077.4579093623647,-628.1191256699999,-203.87289546811823,109.25013749407941,1071.4146223096714,1.1003559852427092,beat,"Mechanical sensitivity surface: yield on passenger revenue, fuel on fuel-cost share of operating cost, FX on a structural USD-cost share.  Excludes hedging, pass-through, demand response and surcharge recovery; vs_consensus_status uses 1.0 RMB EPS as a simple threshold, not Street consensus.",2026-08-10T16:50:23.533314+00:00
airline_earnings_sensitivity,Spring Airlines,walk_forward_integrated,H1-2026,1794.1565059537102,1.8426207825430485,-3.0,5.0,0.0,20937.304189,4077.4579093623647,-628.1191256699999,-203.87289546811823,-0.0,962.164484815592,0.9881547513067273,marginal,"Mechanical sensitivity surface: yield on passenger revenue, fuel on fuel-cost share of operating cost, FX on a structural USD-cost share.  Excludes hedging, pass-through, demand response and surcharge recovery; vs_consensus_status uses 1.0 RMB EPS as a simple threshold, not Street consensus.",2026-08-10T16:50:23.533314+00:00
airline_earnings_sensitivity,Spring Airlines,walk_forward_integrated,H1-2026,1794.1565059537102,1.8426207825430485,-3.0,5.0,3.0,20937.304189,4077.4579093623647,-628.1191256699999,-203.87289546811823,-109.25013749407941,852.9143473215127,0.8759535173707453,marginal,"Mechanical sensitivity surface: yield on passenger revenue, fuel on fuel-cost share of operating cost, FX on a structural USD-cost share.  Excludes hedging, pass-through, demand response and surcharge recovery; vs_consensus_status uses 1.0 RMB EPS as a simple threshold, not Street consensus.",2026-08-10T16:50:23.533314+00:00
airline_earnings_sensitivity,Spring Airlines,walk_forward_integrated,H1-2026,1794.1565059537102,1.8426207825430485,0.0,-5.0,-3.0,20937.304189,4077.4579093623647,0.0,203.87289546811823,109.25013749407941,2107.279538915908,2.1642019858073436,beat,"Mechanical sensitivity surface: yield on passenger revenue, fuel on fuel-cost share of operating cost, FX on a structural USD-cost share.  Excludes hedging, pass-through, demand response and surcharge recovery; vs_consensus_status uses 1.0 RMB EPS as a simple threshold, not Street consensus.",2026-08-10T16:50:23.533314+00:00
airline_earnings_sensitivity,Spring Airlines,walk_forward_integrated,H1-2026,1794.1565059537102,1.8426207825430485,0.0,-5.0,0.0,20937.304189,4077.4579093623647,0.0,203.87289546811823,-0.0,1998.0294014218284,2.0520007518713617,beat,"Mechanical sensitivity surface: yield on passenger revenue, fuel on fuel-cost share of operating cost, FX on a structural USD-cost share.  Excludes hedging, pass-through, demand response and surcharge recovery; vs_consensus_status uses 1.0 RMB EPS as a simple threshold, not Street consensus.",2026-08-10T16:50:23.533314+00:00
airline_earnings_sensitivity,Spring Airlines,walk_forward_integrated,H1-2026,1794.1565059537102,1.8426207825430485,0.0,-5.0,3.0,20937.304189,4077.4579093623647,0.0,203.87289546811823,-109.25013749407941,1888.779263927749,1.9397995179353797,beat,"Mechanical sensitivity surface: yield on passenger revenue, fuel on fuel-cost share of operating cost, FX on a structural USD-cost share.  Excludes hedging, pass-through, demand response and surcharge recovery; vs_consensus_status uses 1.0 RMB EPS as a simple threshold, not Street consensus.",2026-08-10T16:50:23.533314+00:00
airline_earnings_sensitivity,Spring Airlines,walk_forward_integrated,H1-2026,1794.1565059537102,1.8426207825430485,0.0,0.0,-3.0,20937.304189,4077.4579093623647,0.0,-0.0,109.25013749407941,1903.4066434477895,1.9548220164790304,beat,"Mechanical sensitivity surface: yield on passenger revenue, fuel on fuel-cost share of operating cost, FX on a structural USD-cost share.  Excludes hedging, pass-through, demand response and surcharge recovery; vs_consensus_status uses 1.0 RMB EPS as a simple threshold, not Street consensus.",2026-08-10T16:50:23.533314+00:00
airline_earnings_sensitivity,Spring Airlines,walk_forward_integrated,H1-2026,1794.1565059537102,1.8426207825430485,0.0,0.0,0.0,20937.304189,4077.4579093623647,0.0,-0.0,-0.0,1794.1565059537102,1.8426207825430485,beat,"Mechanical sensitivity surface: yield on passenger revenue, fuel on fuel-cost share of operating cost, FX on a structural USD-cost share.  Excludes hedging, pass-through, demand response and surcharge recovery; vs_consensus_status uses 1.0 RMB EPS as a simple threshold, not Street consensus.",2026-08-10T16:50:23.533314+00:00
airline_earnings_sensitivity,Spring Airlines,walk_forward_integrated,H1-2026,1794.1565059537102,1.8426207825430485,0.0,0.0,3.0,20937.304189,4077.4579093623647,0.0,-0.0,-109.25013749407941,1684.9063684596308,1.7304195486070666,beat,"Mechanical sensitivity surface: yield on passenger revenue, fuel on fuel-cost share of operating cost, FX on a structural USD-cost share.  Excludes hedging, pass-through, demand response and surcharge recovery; vs_consensus_status uses 1.0 RMB EPS as a simple threshold, not Street consensus.",2026-08-10T16:50:23.533314+00:00
airline_earnings_sensitivity,Spring Airlines,walk_forward_integrated,H1-2026,1794.1565059537102,1.8426207825430485,0.0,5.0,-3.0,20937.304189,4077.4579093623647,0.0,-203.87289546811823,109.25013749407941,1699.5337479796713,1.7454420471507173,beat,"Mechanical sensitivity surface: yield on passenger revenue, fuel on fuel-cost share of operating cost, FX on a structural USD-cost share.  Excludes hedging, pass-through, demand response and surcharge recovery; vs_consensus_status uses 1.0 RMB EPS as a simple threshold, not Street consensus.",2026-08-10T16:50:23.533314+00:00
airline_earnings_sensitivity,Spring Airlines,walk_forward_integrated,H1-2026,1794.1565059537102,1.8426207825430485,0.0,5.0,0.0,20937.304189,4077.4579093623647,0.0,-203.87289546811823,-0.0,1590.283610485592,1.6332408132147354,beat,"Mechanical sensitivity surface: yield on passenger revenue, fuel on fuel-cost share of operating cost, FX on a structural USD-cost share.  Excludes hedging, pass-through, demand response and surcharge recovery; vs_consensus_status uses 1.0 RMB EPS as a simple threshold, not Street consensus.",2026-08-10T16:50:23.533314+00:00
airline_earnings_sensitivity,Spring Airlines,walk_forward_integrated,H1-2026,1794.1565059537102,1.8426207825430485,0.0,5.0,3.0,20937.304189,4077.4579093623647,0.0,-203.87289546811823,-109.25013749407941,1481.0334729915126,1.5210395792787534,beat,"Mechanical sensitivity surface: yield on passenger revenue, fuel on fuel-cost share of operating cost, FX on a structural USD-cost share.  Excludes hedging, pass-through, demand response and surcharge recovery; vs_consensus_status uses 1.0 RMB EPS as a simple threshold, not Street consensus.",2026-08-10T16:50:23.533314+00:00
airline_earnings_sensitivity,Spring Airlines,walk_forward_integrated,H1-2026,1794.1565059537102,1.8426207825430485,3.0,-5.0,-3.0,20937.304189,4077.4579093623647,628.1191256699999,203.87289546811823,109.25013749407941,2735.3986645859077,2.8092880477153517,beat,"Mechanical sensitivity surface: yield on passenger revenue, fuel on fuel-cost share of operating cost, FX on a structural USD-cost share.  Excludes hedging, pass-through, demand response and surcharge recovery; vs_consensus_status uses 1.0 RMB EPS as a simple threshold, not Street consensus.",2026-08-10T16:50:23.533314+00:00
airline_earnings_sensitivity,Spring Airlines,walk_forward_integrated,H1-2026,1794.1565059537102,1.8426207825430485,3.0,-5.0,0.0,20937.304189,4077.4579093623647,628.1191256699999,203.87289546811823,-0.0,2626.1485270918283,2.6970868137793698,beat,"Mechanical sensitivity surface: yield on passenger revenue, fuel on fuel-cost share of operating cost, FX on a structural USD-cost share.  Excludes hedging, pass-through, demand response and surcharge recovery; vs_consensus_status uses 1.0 RMB EPS as a simple threshold, not Street consensus.",2026-08-10T16:50:23.533314+00:00
airline_earnings_sensitivity,Spring Airlines,walk_forward_integrated,H1-2026,1794.1565059537102,1.8426207825430485,3.0,-5.0,3.0,20937.304189,4077.4579093623647,628.1191256699999,203.87289546811823,-109.25013749407941,2516.898389597749,2.584885579843388,beat,"Mechanical sensitivity surface: yield on passenger revenue, fuel on fuel-cost share of operating cost, FX on a structural USD-cost share.  Excludes hedging, pass-through, demand response and surcharge recovery; vs_consensus_status uses 1.0 RMB EPS as a simple threshold, not Street consensus.",2026-08-10T16:50:23.533314+00:00
airline_earnings_sensitivity,Spring Airlines,walk_forward_integrated,H1-2026,1794.1565059537102,1.8426207825430485,3.0,0.0,-3.0,20937.304189,4077.4579093623647,628.1191256699999,-0.0,109.25013749407941,2531.5257691177894,2.5999080783870387,beat,"Mechanical sensitivity surface: yield on passenger revenue, fuel on fuel-cost share of operating cost, FX on a structural USD-cost share.  Excludes hedging, pass-through, demand response and surcharge recovery; vs_consensus_status uses 1.0 RMB EPS as a simple threshold, not Street consensus.",2026-08-10T16:50:23.533314+00:00
airline_earnings_sensitivity,Spring Airlines,walk_forward_integrated,H1-2026,1794.1565059537102,1.8426207825430485,3.0,0.0,0.0,20937.304189,4077.4579093623647,628.1191256699999,-0.0,-0.0,2422.27563162371,2.487706844451057,beat,"Mechanical sensitivity surface: yield on passenger revenue, fuel on fuel-cost share of operating cost, FX on a structural USD-cost share.  Excludes hedging, pass-through, demand response and surcharge recovery; vs_consensus_status uses 1.0 RMB EPS as a simple threshold, not Street consensus.",2026-08-10T16:50:23.533314+00:00
airline_earnings_sensitivity,Spring Airlines,walk_forward_integrated,H1-2026,1794.1565059537102,1.8426207825430485,3.0,0.0,3.0,20937.304189,4077.4579093623647,628.1191256699999,-0.0,-109.25013749407941,2313.0254941296307,2.375505610515075,beat,"Mechanical sensitivity surface: yield on passenger revenue, fuel on fuel-cost share of operating cost, FX on a structural USD-cost share.  Excludes hedging, pass-through, demand response and surcharge recovery; vs_consensus_status uses 1.0 RMB EPS as a simple threshold, not Street consensus.",2026-08-10T16:50:23.533314+00:00
airline_earnings_sensitivity,Spring Airlines,walk_forward_integrated,H1-2026,1794.1565059537102,1.8426207825430485,3.0,5.0,-3.0,20937.304189,4077.4579093623647,628.1191256699999,-203.87289546811823,109.25013749407941,2327.652873649671,2.3905281090587254,beat,"Mechanical sensitivity surface: yield on passenger revenue, fuel on fuel-cost share of operating cost, FX on a structural USD-cost share.  Excludes hedging, pass-through, demand response and surcharge recovery; vs_consensus_status uses 1.0 RMB EPS as a simple threshold, not Street consensus.",2026-08-10T16:50:23.533314+00:00
airline_earnings_sensitivity,Spring Airlines,walk_forward_integrated,H1-2026,1794.1565059537102,1.8426207825430485,3.0,5.0,0.0,20937.304189,4077.4579093623647,628.1191256699999,-203.87289546811823,-0.0,2218.402736155592,2.2783268751227435,beat,"Mechanical sensitivity surface: yield on passenger revenue, fuel on fuel-cost share of operating cost, FX on a structural USD-cost share.  Excludes hedging, pass-through, demand response and surcharge recovery; vs_consensus_status uses 1.0 RMB EPS as a simple threshold, not Street consensus.",2026-08-10T16:50:23.533314+00:00
airline_earnings_sensitivity,Spring Airlines,walk_forward_integrated,H1-2026,1794.1565059537102,1.8426207825430485,3.0,5.0,3.0,20937.304189,4077.4579093623647,628.1191256699999,-203.87289546811823,-109.25013749407941,2109.1525986615125,2.1661256411867615,beat,"Mechanical sensitivity surface: yield on passenger revenue, fuel on fuel-cost share of operating cost, FX on a structural USD-cost share.  Excludes hedging, pass-through, demand response and surcharge recovery; vs_consensus_status uses 1.0 RMB EPS as a simple threshold, not Street consensus.",2026-08-10T16:50:23.533314+00:00
