dataset_id,company,period,target_year,row_status,ask_mn,prior_rask_native,flat_yield_revenue_native_mn,actual_revenue_native_mn,residual_pct,residual_std_pct,yield_pressure_bucket,yield_pressure_score,shrink_lambda,yield_adjustment_pct,adjusted_revenue_native_mn,adjusted_revenue_mae_pct,flat_yield_revenue_mae_pct,adjusted_improves_mae,source_note,retrieved_at
airline_residual_yield_model,Air China,H1,2017,historical_evaluated,118961.2,0.472051515651279,56155.81476369493,57380.618,2.1810799851432527,8.093881885217765,flat,-0.13204302373461044,0.5,0.0,56155.81476369493,2.1345243027969363,2.1345243027969363,False,Residual yield model: flat-yield baseline (ASK x prior RASK) plus a shrunk signed adjustment from the 3-class yield-pressure bucket (lambda 0.5 x historical residual std).  The adjustment is capped so the weakly-validated yield signal cannot dominate the strong flat-yield prior.,2026-08-10T15:18:11.351154+00:00
airline_residual_yield_model,Air China,H2,2017,historical_evaluated,128835.6,0.4943234461884045,63686.45778375081,63982.281,0.4644994030813754,8.093881885217765,flat,-0.13204302373461044,0.5,0.0,63686.45778375081,0.46235178181470715,0.46235178181470715,False,Residual yield model: flat-yield baseline (ASK x prior RASK) plus a shrunk signed adjustment from the 3-class yield-pressure bucket (lambda 0.5 x historical residual std).  The adjustment is capped so the weakly-validated yield signal cannot dominate the strong flat-yield prior.,2026-08-10T15:18:11.351154+00:00
airline_residual_yield_model,Air China,FY,2017,historical_evaluated,247796.80000000005,0.483487412824763,119806.63373825524,121362.899,1.2989808770896394,8.093881885217765,flat,-0.13204302373461044,0.5,0.0,119806.63373825524,1.2823237369640972,1.2823237369640972,False,Residual yield model: flat-yield baseline (ASK x prior RASK) plus a shrunk signed adjustment from the 3-class yield-pressure bucket (lambda 0.5 x historical residual std).  The adjustment is capped so the weakly-validated yield signal cannot dominate the strong flat-yield prior.,2026-08-10T15:18:11.351154+00:00
airline_residual_yield_model,China Southern Airlines,H1,2017,historical_evaluated,134484.24,0.44004276905200146,59178.817363453934,60328.0,1.941881720089511,8.932924694595181,flat,-0.05222151740366479,0.5,0.0,59178.817363453934,1.9048909901638766,1.9048909901638766,False,Residual yield model: flat-yield baseline (ASK x prior RASK) plus a shrunk signed adjustment from the 3-class yield-pressure bucket (lambda 0.5 x historical residual std).  The adjustment is capped so the weakly-validated yield signal cannot dominate the strong flat-yield prior.,2026-08-10T15:18:11.351154+00:00
airline_residual_yield_model,China Southern Airlines,H2,2017,historical_evaluated,146156.5,0.4562083209843432,66677.81146594817,67161.0,0.7246616579469123,8.932924694595181,flat,-0.05222151740366479,0.5,0.0,66677.81146594817,0.7194480934647141,0.7194480934647141,False,Residual yield model: flat-yield baseline (ASK x prior RASK) plus a shrunk signed adjustment from the 3-class yield-pressure bucket (lambda 0.5 x historical residual std).  The adjustment is capped so the weakly-validated yield signal cannot dominate the strong flat-yield prior.,2026-08-10T15:18:11.351154+00:00
airline_residual_yield_model,China Southern Airlines,FY,2017,historical_evaluated,280640.74,0.4484480801122966,125852.80105429419,127489.0,1.3000894155704268,8.932924694595181,flat,-0.05222151740366479,0.5,0.0,125852.80105429419,1.2834040158019921,1.2834040158019921,False,Residual yield model: flat-yield baseline (ASK x prior RASK) plus a shrunk signed adjustment from the 3-class yield-pressure bucket (lambda 0.5 x historical residual std).  The adjustment is capped so the weakly-validated yield signal cannot dominate the strong flat-yield prior.,2026-08-10T15:18:11.351154+00:00
airline_residual_yield_model,China Eastern Airlines,H1,2017,historical_evaluated,108403.96,0.46812005624472774,50746.06785235122,48020.0,-5.371978495521801,8.733170349765118,flat,-0.1926941413455047,0.5,0.0,50746.06785235122,5.676942632967963,5.676942632967963,False,Residual yield model: flat-yield baseline (ASK x prior RASK) plus a shrunk signed adjustment from the 3-class yield-pressure bucket (lambda 0.5 x historical residual std).  The adjustment is capped so the weakly-validated yield signal cannot dominate the strong flat-yield prior.,2026-08-10T15:18:11.351154+00:00
airline_residual_yield_model,China Eastern Airlines,H2,2017,historical_evaluated,117515.96,0.48665423350886666,57189.639438858634,53701.0,-6.100124905645432,8.733170349765118,flat,-0.1926941413455047,0.5,0.0,57189.639438858634,6.496414291835606,6.496414291835606,False,Residual yield model: flat-yield baseline (ASK x prior RASK) plus a shrunk signed adjustment from the 3-class yield-pressure bucket (lambda 0.5 x historical residual std).  The adjustment is capped so the weakly-validated yield signal cannot dominate the strong flat-yield prior.,2026-08-10T15:18:11.351154+00:00
airline_residual_yield_model,China Eastern Airlines,FY,2017,historical_evaluated,225919.92,0.4777620570448671,107935.96570661181,101721.0,-5.75801186001812,8.733170349765118,flat,-0.1926941413455047,0.5,0.0,107935.96570661181,6.109815777088112,6.109815777088112,False,Residual yield model: flat-yield baseline (ASK x prior RASK) plus a shrunk signed adjustment from the 3-class yield-pressure bucket (lambda 0.5 x historical residual std).  The adjustment is capped so the weakly-validated yield signal cannot dominate the strong flat-yield prior.,2026-08-10T15:18:11.351154+00:00
airline_residual_yield_model,Spring Airlines,H1,2017,historical_evaluated,16088.5431,0.3212427396671128,5168.327662696424,5065.23863,-1.9946303606191984,16.223438049753664,flat,-0.23603056215392174,0.5,0.0,5168.327662696424,2.0352255881066927,2.0352255881066927,False,Residual yield model: flat-yield baseline (ASK x prior RASK) plus a shrunk signed adjustment from the 3-class yield-pressure bucket (lambda 0.5 x historical residual std).  The adjustment is capped so the weakly-validated yield signal cannot dominate the strong flat-yield prior.,2026-08-10T15:18:11.351154+00:00
airline_residual_yield_model,Spring Airlines,H2,2017,historical_evaluated,17311.748499999998,0.3045357086468438,5272.045597363435,5905.3512630000005,12.012522538752023,16.223438049753664,flat,-0.23603056215392174,0.5,0.0,5272.045597363435,10.72426748946408,10.72426748946408,False,Residual yield model: flat-yield baseline (ASK x prior RASK) plus a shrunk signed adjustment from the 3-class yield-pressure bucket (lambda 0.5 x historical residual std).  The adjustment is capped so the weakly-validated yield signal cannot dominate the strong flat-yield prior.,2026-08-10T15:18:11.351154+00:00
airline_residual_yield_model,Spring Airlines,FY,2017,historical_evaluated,33400.2916,0.31214957033796564,10425.886672102763,10970.589893,5.224526584916123,16.223438049753664,flat,-0.23603056215392174,0.5,0.0,10425.886672102763,4.96512244291254,4.96512244291254,False,Residual yield model: flat-yield baseline (ASK x prior RASK) plus a shrunk signed adjustment from the 3-class yield-pressure bucket (lambda 0.5 x historical residual std).  The adjustment is capped so the weakly-validated yield signal cannot dominate the strong flat-yield prior.,2026-08-10T15:18:11.351154+00:00
airline_residual_yield_model,Hainan Airlines Holdings,H2,2017,historical_evaluated,73717.06999999999,0.4287689631953583,31607.591673699648,31377.725999999995,-0.7272483018404663,6.958584908122041,flat,-0.22552932384216579,0.5,0.0,31607.591673699648,0.7325759479818617,0.7325759479818617,False,Residual yield model: flat-yield baseline (ASK x prior RASK) plus a shrunk signed adjustment from the 3-class yield-pressure bucket (lambda 0.5 x historical residual std).  The adjustment is capped so the weakly-validated yield signal cannot dominate the strong flat-yield prior.,2026-08-10T15:18:11.351154+00:00
airline_residual_yield_model,Juneyao Airlines,H1,2017,historical_evaluated,15164.0431,0.3867535047620631,5864.74681528798,5860.53452308,-0.07182393956031152,10.493964165288634,flat,-0.11476393580193371,0.5,0.0,5864.74681528798,0.07187556342158619,0.07187556342158619,False,Residual yield model: flat-yield baseline (ASK x prior RASK) plus a shrunk signed adjustment from the 3-class yield-pressure bucket (lambda 0.5 x historical residual std).  The adjustment is capped so the weakly-validated yield signal cannot dominate the strong flat-yield prior.,2026-08-10T15:18:11.351154+00:00
airline_residual_yield_model,Juneyao Airlines,H2,2017,historical_evaluated,16364.847700000002,0.3834772677140339,6275.5470825522925,6551.155968120001,4.391790579246457,10.493964165288634,flat,-0.11476393580193371,0.5,0.0,6275.5470825522925,4.207026773731359,4.207026773731359,False,Residual yield model: flat-yield baseline (ASK x prior RASK) plus a shrunk signed adjustment from the 3-class yield-pressure bucket (lambda 0.5 x historical residual std).  The adjustment is capped so the weakly-validated yield signal cannot dominate the strong flat-yield prior.,2026-08-10T15:18:11.351154+00:00
airline_residual_yield_model,Juneyao Airlines,FY,2017,historical_evaluated,31528.8908,0.38503814495855104,12139.825626232727,12411.6904912,2.2394462106589463,10.493964165288634,flat,-0.11476393580193371,0.5,0.0,12139.825626232727,2.1903935258458795,2.1903935258458795,False,Residual yield model: flat-yield baseline (ASK x prior RASK) plus a shrunk signed adjustment from the 3-class yield-pressure bucket (lambda 0.5 x historical residual std).  The adjustment is capped so the weakly-validated yield signal cannot dominate the strong flat-yield prior.,2026-08-10T15:18:11.351154+00:00
airline_residual_yield_model,Air China,H1,2018,historical_evaluated,133752.0,0.48234733677871444,64514.92098882661,64242.322,-0.42253634453619515,8.093881885217765,flat,-0.17098059166289079,0.5,0.0,64514.92098882661,0.42432929000699726,0.42432929000699726,False,Residual yield model: flat-yield baseline (ASK x prior RASK) plus a shrunk signed adjustment from the 3-class yield-pressure bucket (lambda 0.5 x historical residual std).  The adjustment is capped so the weakly-validated yield signal cannot dominate the strong flat-yield prior.,2026-08-10T15:18:11.351154+00:00
airline_residual_yield_model,Air China,H2,2018,historical_evaluated,139794.9,0.4966195756452409,69424.88391536889,72532.08099999999,4.475624458254579,8.093881885217765,flat,-0.17098059166289079,0.5,0.0,69424.88391536889,4.2838934741595285,4.2838934741595285,False,Residual yield model: flat-yield baseline (ASK x prior RASK) plus a shrunk signed adjustment from the 3-class yield-pressure bucket (lambda 0.5 x historical residual std).  The adjustment is capped so the weakly-validated yield signal cannot dominate the strong flat-yield prior.,2026-08-10T15:18:11.351154+00:00
airline_residual_yield_model,Air China,FY,2018,historical_evaluated,273546.9,0.48976782186049206,133974.46938968985,136774.403,2.089900876685702,8.093881885217765,flat,-0.17098059166289079,0.5,0.0,133974.46938968985,2.047118136797965,2.047118136797965,False,Residual yield model: flat-yield baseline (ASK x prior RASK) plus a shrunk signed adjustment from the 3-class yield-pressure bucket (lambda 0.5 x historical residual std).  The adjustment is capped so the weakly-validated yield signal cannot dominate the strong flat-yield prior.,2026-08-10T15:18:11.351154+00:00
airline_residual_yield_model,China Southern Airlines,H1,2018,historical_evaluated,150602.82,0.448587879144798,67558.59961702577,67555.0,-0.005328140379112778,8.932924694595181,flat,-0.14382999386813686,0.5,0.0,67558.59961702577,0.005328424285067079,0.005328424285067079,False,Residual yield model: flat-yield baseline (ASK x prior RASK) plus a shrunk signed adjustment from the 3-class yield-pressure bucket (lambda 0.5 x historical residual std).  The adjustment is capped so the weakly-validated yield signal cannot dominate the strong flat-yield prior.,2026-08-10T15:18:11.351154+00:00
airline_residual_yield_model,China Southern Airlines,H2,2018,historical_evaluated,163691.86000000002,0.45951428776688,75218.74846113584,76068.0,1.1290423680778705,8.932924694595181,flat,-0.14382999386813686,0.5,0.0,75218.74846113584,1.1164373177474873,1.1164373177474873,False,Residual yield model: flat-yield baseline (ASK x prior RASK) plus a shrunk signed adjustment from the 3-class yield-pressure bucket (lambda 0.5 x historical residual std).  The adjustment is capped so the weakly-validated yield signal cannot dominate the strong flat-yield prior.,2026-08-10T15:18:11.351154+00:00
airline_residual_yield_model,China Southern Airlines,FY,2018,historical_evaluated,314294.68,0.45427830613616543,142777.25485800815,143623.0,0.592352852583522,8.932924694595181,flat,-0.14382999386813686,0.5,0.0,142777.25485800815,0.5888646957603272,0.5888646957603272,False,Residual yield model: flat-yield baseline (ASK x prior RASK) plus a shrunk signed adjustment from the 3-class yield-pressure bucket (lambda 0.5 x historical residual std).  The adjustment is capped so the weakly-validated yield signal cannot dominate the strong flat-yield prior.,2026-08-10T15:18:11.351154+00:00
airline_residual_yield_model,China Eastern Airlines,H1,2018,historical_evaluated,118830.71,0.4429727474900363,52638.76609489173,54422.0,3.387681812095744,8.733170349765118,flat,-0.10943746022687989,0.5,0.0,52638.76609489173,3.27667837475335,3.27667837475335,False,Residual yield model: flat-yield baseline (ASK x prior RASK) plus a shrunk signed adjustment from the 3-class yield-pressure bucket (lambda 0.5 x historical residual std).  The adjustment is capped so the weakly-validated yield signal cannot dominate the strong flat-yield prior.,2026-08-10T15:18:11.351154+00:00
airline_residual_yield_model,China Eastern Airlines,H2,2018,historical_evaluated,125437.63,0.4569677174062144,57320.94745794528,60508.0,5.560013718183865,8.733170349765118,flat,-0.10943746022687989,0.5,0.0,57320.94745794528,5.267158957583662,5.267158957583662,False,Residual yield model: flat-yield baseline (ASK x prior RASK) plus a shrunk signed adjustment from the 3-class yield-pressure bucket (lambda 0.5 x historical residual std).  The adjustment is capped so the weakly-validated yield signal cannot dominate the strong flat-yield prior.,2026-08-10T15:18:11.351154+00:00
airline_residual_yield_model,China Eastern Airlines,FY,2018,historical_evaluated,244268.34,0.450252461137557,109982.42126298556,114930.0,4.498517745107611,8.733170349765118,flat,-0.10943746022687989,0.5,0.0,109982.42126298556,4.3048627312402665,4.3048627312402665,False,Residual yield model: flat-yield baseline (ASK x prior RASK) plus a shrunk signed adjustment from the 3-class yield-pressure bucket (lambda 0.5 x historical residual std).  The adjustment is capped so the weakly-validated yield signal cannot dominate the strong flat-yield prior.,2026-08-10T15:18:11.351154+00:00
airline_residual_yield_model,Spring Airlines,H1,2018,historical_evaluated,19032.8237,0.3148351344504276,5992.201608560785,6332.105519,5.672437822412513,16.223438049753664,flat,-0.1647913142053034,0.5,0.0,5992.201608560785,5.367944507862443,5.367944507862443,False,Residual yield model: flat-yield baseline (ASK x prior RASK) plus a shrunk signed adjustment from the 3-class yield-pressure bucket (lambda 0.5 x historical residual std).  The adjustment is capped so the weakly-validated yield signal cannot dominate the strong flat-yield prior.,2026-08-10T15:18:11.351154+00:00
airline_residual_yield_model,Spring Airlines,H2,2018,historical_evaluated,19932.5598,0.3411181292865941,6799.3575108691675,6781.935808000001,-0.2562257219350217,16.223438049753664,flat,-0.1647913142053034,0.5,0.0,6799.3575108691675,0.2568839246254173,0.2568839246254173,False,Residual yield model: flat-yield baseline (ASK x prior RASK) plus a shrunk signed adjustment from the 3-class yield-pressure bucket (lambda 0.5 x historical residual std).  The adjustment is capped so the weakly-validated yield signal cannot dominate the strong flat-yield prior.,2026-08-10T15:18:11.351154+00:00
airline_residual_yield_model,Spring Airlines,FY,2018,historical_evaluated,38965.3835,0.3284579076249742,12798.488334214695,13114.041327,2.465548934726325,16.223438049753664,flat,-0.1647913142053034,0.5,0.0,12798.488334214695,2.4062223453240605,2.4062223453240605,False,Residual yield model: flat-yield baseline (ASK x prior RASK) plus a shrunk signed adjustment from the 3-class yield-pressure bucket (lambda 0.5 x historical residual std).  The adjustment is capped so the weakly-validated yield signal cannot dominate the strong flat-yield prior.,2026-08-10T15:18:11.351154+00:00
airline_residual_yield_model,Hainan Airlines Holdings,H1,2018,historical_evaluated,79441.45,0.424995012761223,33762.220056520055,32941.415,-2.4311347273549444,6.958584908122041,flat,-0.16735799803674356,0.5,0.0,33762.220056520055,2.4917115932028278,2.4917115932028278,False,Residual yield model: flat-yield baseline (ASK x prior RASK) plus a shrunk signed adjustment from the 3-class yield-pressure bucket (lambda 0.5 x historical residual std).  The adjustment is capped so the weakly-validated yield signal cannot dominate the strong flat-yield prior.,2026-08-10T15:18:11.351154+00:00
airline_residual_yield_model,Hainan Airlines Holdings,H2,2018,historical_evaluated,84695.82,0.425650748191701,36050.83915170964,34822.51899999999,-3.4071887939712164,6.958584908122041,flat,-0.16735799803674356,0.5,0.0,36050.83915170964,3.527373053367122,3.527373053367122,False,Residual yield model: flat-yield baseline (ASK x prior RASK) plus a shrunk signed adjustment from the 3-class yield-pressure bucket (lambda 0.5 x historical residual std).  The adjustment is capped so the weakly-validated yield signal cannot dominate the strong flat-yield prior.,2026-08-10T15:18:11.351154+00:00
airline_residual_yield_model,Hainan Airlines Holdings,FY,2018,historical_evaluated,164137.26999999996,0.4253382352168492,69813.85675511147,67763.934,-2.9362691740438818,6.958584908122041,flat,-0.16735799803674356,0.5,0.0,69813.85675511147,3.0250940789704917,3.0250940789704917,False,Residual yield model: flat-yield baseline (ASK x prior RASK) plus a shrunk signed adjustment from the 3-class yield-pressure bucket (lambda 0.5 x historical residual std).  The adjustment is capped so the weakly-validated yield signal cannot dominate the strong flat-yield prior.,2026-08-10T15:18:11.351154+00:00
airline_residual_yield_model,Juneyao Airlines,H1,2018,historical_evaluated,17211.7641,0.3864757231585553,6651.92897738196,6930.397870850001,4.1862878334224085,10.493964165288634,flat,-0.18650370564817406,0.5,0.0,6651.92897738196,4.018079461776802,4.018079461776802,False,Residual yield model: flat-yield baseline (ASK x prior RASK) plus a shrunk signed adjustment from the 3-class yield-pressure bucket (lambda 0.5 x historical residual std).  The adjustment is capped so the weakly-validated yield signal cannot dominate the strong flat-yield prior.,2026-08-10T15:18:11.351154+00:00
airline_residual_yield_model,Juneyao Airlines,H2,2018,historical_evaluated,17600.3896,0.4003187862310506,7045.7666018656055,7435.768680209999,5.535268202627175,10.493964165288634,flat,-0.18650370564817406,0.5,0.0,7045.7666018656055,5.244946354804824,5.244946354804824,False,Residual yield model: flat-yield baseline (ASK x prior RASK) plus a shrunk signed adjustment from the 3-class yield-pressure bucket (lambda 0.5 x historical residual std).  The adjustment is capped so the weakly-validated yield signal cannot dominate the strong flat-yield prior.,2026-08-10T15:18:11.351154+00:00
airline_residual_yield_model,Juneyao Airlines,FY,2018,historical_evaluated,34812.1537,0.39366086710541687,13704.182611349048,14366.16655106,4.830524800236802,10.493964165288634,flat,-0.18650370564817406,0.5,0.0,13704.182611349048,4.607937248660865,4.607937248660865,False,Residual yield model: flat-yield baseline (ASK x prior RASK) plus a shrunk signed adjustment from the 3-class yield-pressure bucket (lambda 0.5 x historical residual std).  The adjustment is capped so the weakly-validated yield signal cannot dominate the strong flat-yield prior.,2026-08-10T15:18:11.351154+00:00
airline_residual_yield_model,Air China,H1,2019,historical_evaluated,141052.90000000002,0.4803092439739219,67749.01175932922,65313.087,-3.5955133456153976,8.093881885217765,flat,-0.14254297345736897,0.5,0.0,67749.01175932922,3.729612044411912,3.729612044411912,False,Residual yield model: flat-yield baseline (ASK x prior RASK) plus a shrunk signed adjustment from the 3-class yield-pressure bucket (lambda 0.5 x historical residual std).  The adjustment is capped so the weakly-validated yield signal cannot dominate the strong flat-yield prior.,2026-08-10T15:18:11.351154+00:00
airline_residual_yield_model,Air China,H2,2019,historical_evaluated,146009.9,0.5188464028372994,75756.7113936338,70867.603,-6.453696713720691,8.093881885217765,flat,-0.14254297345736897,0.5,0.0,75756.7113936338,6.898932920919876,6.898932920919876,False,Residual yield model: flat-yield baseline (ASK x prior RASK) plus a shrunk signed adjustment from the 3-class yield-pressure bucket (lambda 0.5 x historical residual std).  The adjustment is capped so the weakly-validated yield signal cannot dominate the strong flat-yield prior.,2026-08-10T15:18:11.351154+00:00
airline_residual_yield_model,Air China,FY,2019,historical_evaluated,287062.8,0.500003483863279,143532.40008754766,136180.69,-5.121986452580396,8.093881885217765,flat,-0.14254297345736897,0.5,0.0,143532.40008754766,5.398496723395696,5.398496723395696,False,Residual yield model: flat-yield baseline (ASK x prior RASK) plus a shrunk signed adjustment from the 3-class yield-pressure bucket (lambda 0.5 x historical residual std).  The adjustment is capped so the weakly-validated yield signal cannot dominate the strong flat-yield prior.,2026-08-10T15:18:11.351154+00:00
airline_residual_yield_model,China Southern Airlines,H1,2019,historical_evaluated,166017.34999999998,0.4485639777528734,74469.40289199098,72939.0,-2.0550760883777386,8.932924694595181,flat,-0.16538683811145277,0.5,0.0,74469.40289199098,2.0981956045339034,2.0981956045339034,False,Residual yield model: flat-yield baseline (ASK x prior RASK) plus a shrunk signed adjustment from the 3-class yield-pressure bucket (lambda 0.5 x historical residual std).  The adjustment is capped so the weakly-validated yield signal cannot dominate the strong flat-yield prior.,2026-08-10T15:18:11.351154+00:00
airline_residual_yield_model,China Southern Airlines,H2,2019,historical_evaluated,178024.59,0.46470239876313946,82728.4540118244,81383.0,-1.6263497582489683,8.932924694595181,flat,-0.16538683811145277,0.5,0.0,82728.4540118244,1.6532371770817011,1.6532371770817011,False,Residual yield model: flat-yield baseline (ASK x prior RASK) plus a shrunk signed adjustment from the 3-class yield-pressure bucket (lambda 0.5 x historical residual std).  The adjustment is capped so the weakly-validated yield signal cannot dominate the strong flat-yield prior.,2026-08-10T15:18:11.351154+00:00
airline_residual_yield_model,China Southern Airlines,FY,2019,historical_evaluated,344041.94000000006,0.4569692366412311,157216.58269436826,154322.0,-1.8411433735303961,8.932924694595181,flat,-0.16538683811145277,0.5,0.0,157216.58269436826,1.8756772815076594,1.8756772815076594,False,Residual yield model: flat-yield baseline (ASK x prior RASK) plus a shrunk signed adjustment from the 3-class yield-pressure bucket (lambda 0.5 x historical residual std).  The adjustment is capped so the weakly-validated yield signal cannot dominate the strong flat-yield prior.,2026-08-10T15:18:11.351154+00:00
airline_residual_yield_model,China Eastern Airlines,H1,2019,historical_evaluated,131476.47,0.45797925468929707,60213.495739779726,58784.0,-2.374045423234472,8.733170349765118,flat,-0.2148438456032881,0.5,0.0,60213.495739779726,2.431776911710193,2.431776911710193,False,Residual yield model: flat-yield baseline (ASK x prior RASK) plus a shrunk signed adjustment from the 3-class yield-pressure bucket (lambda 0.5 x historical residual std).  The adjustment is capped so the weakly-validated yield signal cannot dominate the strong flat-yield prior.,2026-08-10T15:18:11.351154+00:00
airline_residual_yield_model,China Eastern Airlines,H2,2019,historical_evaluated,138684.73,0.48237518518167155,66898.07231562013,62076.0,-7.208088587171768,8.733170349765118,flat,-0.2148438456032881,0.5,0.0,66898.07231562013,7.768013911366922,7.768013911366922,False,Residual yield model: flat-yield baseline (ASK x prior RASK) plus a shrunk signed adjustment from the 3-class yield-pressure bucket (lambda 0.5 x historical residual std).  The adjustment is capped so the weakly-validated yield signal cannot dominate the strong flat-yield prior.,2026-08-10T15:18:11.351154+00:00
airline_residual_yield_model,China Eastern Airlines,FY,2019,historical_evaluated,270161.20000000007,0.47050714799961385,127112.7757121533,120860.0,-4.9190773131354675,8.733170349765118,flat,-0.2148438456032881,0.5,0.0,127112.7757121533,5.173569180997273,5.173569180997273,False,Residual yield model: flat-yield baseline (ASK x prior RASK) plus a shrunk signed adjustment from the 3-class yield-pressure bucket (lambda 0.5 x historical residual std).  The adjustment is capped so the weakly-validated yield signal cannot dominate the strong flat-yield prior.,2026-08-10T15:18:11.351154+00:00
airline_residual_yield_model,Spring Airlines,H1,2019,historical_evaluated,20797.405,0.332693961695237,6919.1710624303305,7149.162055,3.3239674304118783,16.223438049753664,flat,0.03418526393985171,0.5,0.0,6919.1710624303305,3.217034259404117,3.217034259404117,False,Residual yield model: flat-yield baseline (ASK x prior RASK) plus a shrunk signed adjustment from the 3-class yield-pressure bucket (lambda 0.5 x historical residual std).  The adjustment is capped so the weakly-validated yield signal cannot dominate the strong flat-yield prior.,2026-08-10T15:18:11.351154+00:00
airline_residual_yield_model,Spring Airlines,H2,2019,historical_evaluated,22909.1257,0.3402440968971783,7794.694784500439,7654.355069,-1.8004517095332462,16.223438049753664,flat,0.03418526393985171,0.5,0.0,7794.694784500439,1.833462313093004,1.833462313093004,False,Residual yield model: flat-yield baseline (ASK x prior RASK) plus a shrunk signed adjustment from the 3-class yield-pressure bucket (lambda 0.5 x historical residual std).  The adjustment is capped so the weakly-validated yield signal cannot dominate the strong flat-yield prior.,2026-08-10T15:18:11.351154+00:00
airline_residual_yield_model,Spring Airlines,FY,2019,historical_evaluated,43706.5307,0.3365561980674462,14709.703803110118,14803.517124,0.6377648533619329,16.223438049753664,flat,0.03418526393985171,0.5,0.0,14709.703803110118,0.6337231895911288,0.6337231895911288,False,Residual yield model: flat-yield baseline (ASK x prior RASK) plus a shrunk signed adjustment from the 3-class yield-pressure bucket (lambda 0.5 x historical residual std).  The adjustment is capped so the weakly-validated yield signal cannot dominate the strong flat-yield prior.,2026-08-10T15:18:11.351154+00:00
airline_residual_yield_model,Hainan Airlines Holdings,H1,2019,historical_evaluated,89222.21,0.41466281141645833,36997.13243938964,35035.234,-5.302839193290765,6.958584908122041,flat,-0.17594994796802302,0.5,0.0,36997.13243938964,5.599786887079583,5.599786887079583,False,Residual yield model: flat-yield baseline (ASK x prior RASK) plus a shrunk signed adjustment from the 3-class yield-pressure bucket (lambda 0.5 x historical residual std).  The adjustment is capped so the weakly-validated yield signal cannot dominate the strong flat-yield prior.,2026-08-10T15:18:11.351154+00:00
airline_residual_yield_model,Hainan Airlines Holdings,H2,2019,historical_evaluated,85146.28,0.4111480235978587,35007.72473870988,37354.17600000001,6.702667136477802,6.958584908122041,flat,-0.17594994796802302,0.5,0.0,35007.72473870988,6.281630362533286,6.281630362533286,False,Residual yield model: flat-yield baseline (ASK x prior RASK) plus a shrunk signed adjustment from the 3-class yield-pressure bucket (lambda 0.5 x historical residual std).  The adjustment is capped so the weakly-validated yield signal cannot dominate the strong flat-yield prior.,2026-08-10T15:18:11.351154+00:00
airline_residual_yield_model,Hainan Airlines Holdings,FY,2019,historical_evaluated,174368.49000000002,0.4128491597307547,71987.88458002052,72389.41,0.5577680498906057,6.958584908122041,flat,-0.17594994796802302,0.5,0.0,71987.88458002052,0.5546742541201688,0.5546742541201688,False,Residual yield model: flat-yield baseline (ASK x prior RASK) plus a shrunk signed adjustment from the 3-class yield-pressure bucket (lambda 0.5 x historical residual std).  The adjustment is capped so the weakly-validated yield signal cannot dominate the strong flat-yield prior.,2026-08-10T15:18:11.351154+00:00
airline_residual_yield_model,Juneyao Airlines,H1,2019,historical_evaluated,19978.7207,0.4026547093362731,8044.525976369084,8061.36347755,0.20930383257355967,10.493964165288634,flat,-0.09671763327105265,0.5,0.0,8044.525976369084,0.20886666663533227,0.20886666663533227,False,Residual yield model: flat-yield baseline (ASK x prior RASK) plus a shrunk signed adjustment from the 3-class yield-pressure bucket (lambda 0.5 x historical residual std).  The adjustment is capped so the weakly-validated yield signal cannot dominate the strong flat-yield prior.,2026-08-10T15:18:11.351154+00:00
airline_residual_yield_model,Juneyao Airlines,H2,2019,historical_evaluated,20818.1807,0.42247750471444107,8795.213034830336,8688.048936620002,-1.2184366403172775,10.493964165288634,flat,-0.09671763327105265,0.5,0.0,8795.213034830336,1.2334656375914133,1.2334656375914133,False,Residual yield model: flat-yield baseline (ASK x prior RASK) plus a shrunk signed adjustment from the 3-class yield-pressure bucket (lambda 0.5 x historical residual std).  The adjustment is capped so the weakly-validated yield signal cannot dominate the strong flat-yield prior.,2026-08-10T15:18:11.351154+00:00
airline_residual_yield_model,Juneyao Airlines,FY,2019,historical_evaluated,40796.9014,0.4126767529197712,16835.93279894007,16749.41241417,-0.5139031249608683,10.493964165288634,flat,-0.09671763327105265,0.5,0.0,16835.93279894007,0.516557731284184,0.516557731284184,False,Residual yield model: flat-yield baseline (ASK x prior RASK) plus a shrunk signed adjustment from the 3-class yield-pressure bucket (lambda 0.5 x historical residual std).  The adjustment is capped so the weakly-validated yield signal cannot dominate the strong flat-yield prior.,2026-08-10T15:18:11.351154+00:00
airline_residual_yield_model,Air China,H1,2020,historical_evaluated,65566.1,0.46303966100661514,30359.70471752583,29645.766,-2.3515996751895085,8.093881885217765,deteriorating,-1.0690981025286013,0.5,-4.046940942608883,29131.06539725712,1.7361690122727147,2.408231642676495,True,Residual yield model: flat-yield baseline (ASK x prior RASK) plus a shrunk signed adjustment from the 3-class yield-pressure bucket (lambda 0.5 x historical residual std).  The adjustment is capped so the weakly-validated yield signal cannot dominate the strong flat-yield prior.,2026-08-10T15:18:11.351154+00:00
airline_residual_yield_model,Air China,H2,2020,historical_evaluated,90496.2,0.4853616295881307,43923.38310353339,39857.98299999999,-9.255662511129238,8.093881885217765,deteriorating,-1.0690981025286013,0.5,-4.046940942608883,42145.82972933755,5.739996249528123,10.199713576909808,True,Residual yield model: flat-yield baseline (ASK x prior RASK) plus a shrunk signed adjustment from the 3-class yield-pressure bucket (lambda 0.5 x historical residual std).  The adjustment is capped so the weakly-validated yield signal cannot dominate the strong flat-yield prior.,2026-08-10T15:18:11.351154+00:00
airline_residual_yield_model,Air China,FY,2020,historical_evaluated,156062.30000000002,0.47439337315737184,74034.92091969772,69503.749,-6.120317092811478,8.093881885217765,deteriorating,-1.0690981025286013,0.5,-4.046940942608883,71038.77139317036,2.208546179531079,6.51932015882728,True,Residual yield model: flat-yield baseline (ASK x prior RASK) plus a shrunk signed adjustment from the 3-class yield-pressure bucket (lambda 0.5 x historical residual std).  The adjustment is capped so the weakly-validated yield signal cannot dominate the strong flat-yield prior.,2026-08-10T15:18:11.351154+00:00
airline_residual_yield_model,China Southern Airlines,H1,2020,historical_evaluated,85796.29000000001,0.43934564670499804,37694.22651493956,38964.0,3.368615309183176,8.932924694595181,deteriorating,-1.174316053682645,0.5,-4.466462347297591,36010.62808054472,7.579745199300081,3.2588376066636893,False,Residual yield model: flat-yield baseline (ASK x prior RASK) plus a shrunk signed adjustment from the 3-class yield-pressure bucket (lambda 0.5 x historical residual std).  The adjustment is capped so the weakly-validated yield signal cannot dominate the strong flat-yield prior.,2026-08-10T15:18:11.351154+00:00
airline_residual_yield_model,China Southern Airlines,H2,2020,historical_evaluated,128997.91999999998,0.457144712424278,58970.717041730015,53597.0,-9.112517722868041,8.932924694595181,deteriorating,-1.174316053682645,0.5,-4.466462347297591,56336.812169129735,5.111875980240943,10.026152661025822,True,Residual yield model: flat-yield baseline (ASK x prior RASK) plus a shrunk signed adjustment from the 3-class yield-pressure bucket (lambda 0.5 x historical residual std).  The adjustment is capped so the weakly-validated yield signal cannot dominate the strong flat-yield prior.,2026-08-10T15:18:11.351154+00:00
airline_residual_yield_model,China Southern Airlines,FY,2020,historical_evaluated,214794.21,0.4485557778217387,96347.18393815588,92561.0,-3.9297297371827966,8.932924694595181,deteriorating,-1.174316053682645,0.5,-4.466462347297591,92043.8732448766,0.5586875197150065,4.090474323047366,True,Residual yield model: flat-yield baseline (ASK x prior RASK) plus a shrunk signed adjustment from the 3-class yield-pressure bucket (lambda 0.5 x historical residual std).  The adjustment is capped so the weakly-validated yield signal cannot dominate the strong flat-yield prior.,2026-08-10T15:18:11.351154+00:00
airline_residual_yield_model,China Eastern Airlines,H1,2020,historical_evaluated,61719.22,0.4471066191539825,27595.07179102086,25129.0,-8.936638432023535,8.733170349765118,deteriorating,-1.0727271125632927,0.5,-4.366585174882559,26390.109477195943,5.01854223087248,9.813648736602577,True,Residual yield model: flat-yield baseline (ASK x prior RASK) plus a shrunk signed adjustment from the 3-class yield-pressure bucket (lambda 0.5 x historical residual std).  The adjustment is capped so the weakly-validated yield signal cannot dominate the strong flat-yield prior.,2026-08-10T15:18:11.351154+00:00
airline_residual_yield_model,China Eastern Airlines,H2,2020,historical_evaluated,90351.71,0.44760515451124283,40441.891114905,33510.0,-17.140373320352065,8.733170349765118,deteriorating,-1.0727271125632927,0.5,-4.366585174882559,38675.96149303942,15.41617873183949,20.6860373467771,True,Residual yield model: flat-yield baseline (ASK x prior RASK) plus a shrunk signed adjustment from the 3-class yield-pressure bucket (lambda 0.5 x historical residual std).  The adjustment is capped so the weakly-validated yield signal cannot dominate the strong flat-yield prior.,2026-08-10T15:18:11.351154+00:00
airline_residual_yield_model,China Eastern Airlines,FY,2020,historical_evaluated,152070.93,0.4473625376256841,68030.83714389778,58639.0,-13.805264697878561,8.733170349765118,deteriorating,-1.0727271125632927,0.5,-4.366585174882559,65060.212694823844,10.950413026865814,16.01636648629372,True,Residual yield model: flat-yield baseline (ASK x prior RASK) plus a shrunk signed adjustment from the 3-class yield-pressure bucket (lambda 0.5 x historical residual std).  The adjustment is capped so the weakly-validated yield signal cannot dominate the strong flat-yield prior.,2026-08-10T15:18:11.351154+00:00
airline_residual_yield_model,Spring Airlines,H1,2020,historical_evaluated,15804.7609,0.34375260062493374,5432.927661630268,4045.326448,-25.54057959265904,16.223438049753664,deteriorating,-1.106721674325324,0.5,-8.111719024876832,4992.223834894009,23.407193438298492,34.30134085510688,True,Residual yield model: flat-yield baseline (ASK x prior RASK) plus a shrunk signed adjustment from the 3-class yield-pressure bucket (lambda 0.5 x historical residual std).  The adjustment is capped so the weakly-validated yield signal cannot dominate the strong flat-yield prior.,2026-08-10T15:18:11.351154+00:00
airline_residual_yield_model,Spring Airlines,H2,2020,historical_evaluated,22036.938100000003,0.33411816623800705,7362.941347472472,5327.591692,-27.6431599739846,16.223438049753664,deteriorating,-1.106721674325324,0.5,-8.111719024876832,6765.680233399025,26.99321991132473,38.20393478217912,True,Residual yield model: flat-yield baseline (ASK x prior RASK) plus a shrunk signed adjustment from the 3-class yield-pressure bucket (lambda 0.5 x historical residual std).  The adjustment is capped so the weakly-validated yield signal cannot dominate the strong flat-yield prior.,2026-08-10T15:18:11.351154+00:00
airline_residual_yield_model,Spring Airlines,FY,2020,historical_evaluated,37841.699,0.33870263521053157,12817.083172143737,9372.91814,-26.87167576183933,16.223438049753664,deteriorating,-1.106721674325324,0.5,-8.111719024876832,11777.397398034667,25.65347549311541,36.745920328113925,True,Residual yield model: flat-yield baseline (ASK x prior RASK) plus a shrunk signed adjustment from the 3-class yield-pressure bucket (lambda 0.5 x historical residual std).  The adjustment is capped so the weakly-validated yield signal cannot dominate the strong flat-yield prior.,2026-08-10T15:18:11.351154+00:00
airline_residual_yield_model,Hainan Airlines Holdings,H1,2020,historical_evaluated,31174.56,0.392673909332665,12241.436346925726,11711.856,-4.3261291560668935,6.958584908122041,deteriorating,-0.8611775886966987,0.5,-3.4792924540610204,11815.520975838455,0.8851285042990265,4.521745715843206,True,Residual yield model: flat-yield baseline (ASK x prior RASK) plus a shrunk signed adjustment from the 3-class yield-pressure bucket (lambda 0.5 x historical residual std).  The adjustment is capped so the weakly-validated yield signal cannot dominate the strong flat-yield prior.,2026-08-10T15:18:11.351154+00:00
airline_residual_yield_model,Hainan Airlines Holdings,H2,2020,historical_evaluated,45788.35,0.43870590705783047,20087.61961943141,17689.170000000002,-11.939939449626525,6.958584908122041,deteriorating,-0.8611775886966987,0.5,-3.4792924540610204,19388.712585812053,9.607814192593821,13.558859004867996,True,Residual yield model: flat-yield baseline (ASK x prior RASK) plus a shrunk signed adjustment from the 3-class yield-pressure bucket (lambda 0.5 x historical residual std).  The adjustment is capped so the weakly-validated yield signal cannot dominate the strong flat-yield prior.,2026-08-10T15:18:11.351154+00:00
airline_residual_yield_model,Hainan Airlines Holdings,FY,2020,historical_evaluated,76962.91,0.41515190043797473,31951.29834973681,29401.026,-7.981748728398131,6.958584908122041,deteriorating,-0.8611775886966987,0.5,-3.4792924540610204,30839.619237279894,4.893003520625072,8.67409303925928,True,Residual yield model: flat-yield baseline (ASK x prior RASK) plus a shrunk signed adjustment from the 3-class yield-pressure bucket (lambda 0.5 x historical residual std).  The adjustment is capped so the weakly-validated yield signal cannot dominate the strong flat-yield prior.,2026-08-10T15:18:11.351154+00:00
airline_residual_yield_model,Juneyao Airlines,H1,2020,historical_evaluated,12031.6642,0.4034974810749519,4854.746197839676,4169.36324532,-14.117791632952247,10.493964165288634,deteriorating,-0.8137779427549393,0.5,-5.246982082644317,4600.018534681172,10.329042206734362,16.438552176738263,True,Residual yield model: flat-yield baseline (ASK x prior RASK) plus a shrunk signed adjustment from the 3-class yield-pressure bucket (lambda 0.5 x historical residual std).  The adjustment is capped so the weakly-validated yield signal cannot dominate the strong flat-yield prior.,2026-08-10T15:18:11.351154+00:00
airline_residual_yield_model,Juneyao Airlines,H2,2020,historical_evaluated,19135.0542,0.4173298839999021,7985.629949617839,5932.18883265,-25.714203261648873,10.493964165288634,deteriorating,-0.8137779427549393,0.5,-5.246982082644317,7566.625376975113,27.551997929151973,34.615235200639006,True,Residual yield model: flat-yield baseline (ASK x prior RASK) plus a shrunk signed adjustment from the 3-class yield-pressure bucket (lambda 0.5 x historical residual std).  The adjustment is capped so the weakly-validated yield signal cannot dominate the strong flat-yield prior.,2026-08-10T15:18:11.351154+00:00
airline_residual_yield_model,Juneyao Airlines,FY,2020,historical_evaluated,31166.7184,0.4105559941905294,12795.683058368266,10101.55207797,-21.05499931585384,10.493964165288634,deteriorating,-0.8137779427549393,0.5,-5.246982082644317,12124.295860943728,20.02408904454431,26.670465682929745,True,Residual yield model: flat-yield baseline (ASK x prior RASK) plus a shrunk signed adjustment from the 3-class yield-pressure bucket (lambda 0.5 x historical residual std).  The adjustment is capped so the weakly-validated yield signal cannot dominate the strong flat-yield prior.,2026-08-10T15:18:11.351154+00:00
airline_residual_yield_model,Air China,H1,2021,historical_evaluated,82478.20000000001,0.452150821842385,37292.5859140806,37663.803,0.9954179277743336,8.093881885217765,flat,-0.20094886547815474,0.5,0.0,37292.5859140806,0.9856070188116739,0.9856070188116739,False,Residual yield model: flat-yield baseline (ASK x prior RASK) plus a shrunk signed adjustment from the 3-class yield-pressure bucket (lambda 0.5 x historical residual std).  The adjustment is capped so the weakly-validated yield signal cannot dominate the strong flat-yield prior.,2026-08-10T15:18:11.351154+00:00
airline_residual_yield_model,Air China,H2,2021,historical_evaluated,69871.3,0.4404381951949363,30773.989267923957,36867.867,19.80204021981564,8.093881885217765,flat,-0.20094886547815474,0.5,0.0,30773.989267923957,16.52896743952137,16.52896743952137,False,Residual yield model: flat-yield baseline (ASK x prior RASK) plus a shrunk signed adjustment from the 3-class yield-pressure bucket (lambda 0.5 x historical residual std).  The adjustment is capped so the weakly-validated yield signal cannot dominate the strong flat-yield prior.,2026-08-10T15:18:11.351154+00:00
airline_residual_yield_model,Air China,FY,2021,historical_evaluated,152349.5,0.44535899445285626,67850.22012539543,74531.67,9.847351802627081,8.093881885217765,flat,-0.20094886547815474,0.5,0.0,67850.22012539543,8.964578245200428,8.964578245200428,False,Residual yield model: flat-yield baseline (ASK x prior RASK) plus a shrunk signed adjustment from the 3-class yield-pressure bucket (lambda 0.5 x historical residual std).  The adjustment is capped so the weakly-validated yield signal cannot dominate the strong flat-yield prior.,2026-08-10T15:18:11.351154+00:00
airline_residual_yield_model,China Southern Airlines,H1,2021,historical_evaluated,114307.13999999998,0.4541455114201325,51912.07455427267,51576.0,-0.6473918778208465,8.932924694595181,flat,0.11304406534968277,0.5,0.0,51912.07455427267,0.6516103503037662,0.6516103503037662,False,Residual yield model: flat-yield baseline (ASK x prior RASK) plus a shrunk signed adjustment from the 3-class yield-pressure bucket (lambda 0.5 x historical residual std).  The adjustment is capped so the weakly-validated yield signal cannot dominate the strong flat-yield prior.,2026-08-10T15:18:11.351154+00:00
airline_residual_yield_model,China Southern Airlines,H2,2021,historical_evaluated,99625.76,0.4154873194854615,41393.23997410191,50068.0,20.956948601572467,8.932924694595181,flat,0.11304406534968277,0.5,0.0,41393.23997410191,17.325956750615347,17.325956750615347,False,Residual yield model: flat-yield baseline (ASK x prior RASK) plus a shrunk signed adjustment from the 3-class yield-pressure bucket (lambda 0.5 x historical residual std).  The adjustment is capped so the weakly-validated yield signal cannot dominate the strong flat-yield prior.,2026-08-10T15:18:11.351154+00:00
airline_residual_yield_model,China Southern Airlines,FY,2021,historical_evaluated,213932.9,0.43092874803282644,92189.83676003185,101644.0,10.255103569146273,8.932924694595181,flat,0.11304406534968277,0.5,0.0,92189.83676003185,9.301250678808536,9.301250678808536,False,Residual yield model: flat-yield baseline (ASK x prior RASK) plus a shrunk signed adjustment from the 3-class yield-pressure bucket (lambda 0.5 x historical residual std).  The adjustment is capped so the weakly-validated yield signal cannot dominate the strong flat-yield prior.,2026-08-10T15:18:11.351154+00:00
airline_residual_yield_model,China Eastern Airlines,H1,2021,historical_evaluated,85927.79000000001,0.40715031719454653,34985.526954326386,34710.0,-0.7875455318597457,8.733170349765118,flat,-0.15612098298563234,0.5,0.0,34985.526954326386,0.7937970450198284,0.7937970450198284,False,Residual yield model: flat-yield baseline (ASK x prior RASK) plus a shrunk signed adjustment from the 3-class yield-pressure bucket (lambda 0.5 x historical residual std).  The adjustment is capped so the weakly-validated yield signal cannot dominate the strong flat-yield prior.,2026-08-10T15:18:11.351154+00:00
airline_residual_yield_model,China Eastern Airlines,H2,2021,historical_evaluated,74764.02,0.3708839600268772,27728.775805128647,32417.0,16.907433014061258,8.733170349765118,flat,-0.15612098298563234,0.5,0.0,27728.775805128647,14.46223954983914,14.46223954983914,False,Residual yield model: flat-yield baseline (ASK x prior RASK) plus a shrunk signed adjustment from the 3-class yield-pressure bucket (lambda 0.5 x historical residual std).  The adjustment is capped so the weakly-validated yield signal cannot dominate the strong flat-yield prior.,2026-08-10T15:18:11.351154+00:00
airline_residual_yield_model,China Eastern Airlines,FY,2021,historical_evaluated,160691.81,0.38560295514731185,61963.23680397036,67127.0,8.333591759200608,8.733170349765118,flat,-0.15612098298563234,0.5,0.0,61963.23680397036,7.692527888971112,7.692527888971112,False,Residual yield model: flat-yield baseline (ASK x prior RASK) plus a shrunk signed adjustment from the 3-class yield-pressure bucket (lambda 0.5 x historical residual std).  The adjustment is capped so the weakly-validated yield signal cannot dominate the strong flat-yield prior.,2026-08-10T15:18:11.351154+00:00
airline_residual_yield_model,Spring Airlines,H1,2021,historical_evaluated,21574.2032,0.2559561940604872,5522.050940959584,5454.034171,-1.2317302155811505,16.223438049753664,improving,0.29741124805712477,0.5,8.111719024876832,5969.984197700794,9.459970556183617,1.2470910123966616,False,Residual yield model: flat-yield baseline (ASK x prior RASK) plus a shrunk signed adjustment from the 3-class yield-pressure bucket (lambda 0.5 x historical residual std).  The adjustment is capped so the weakly-validated yield signal cannot dominate the strong flat-yield prior.,2026-08-10T15:18:11.351154+00:00
airline_residual_yield_model,Spring Airlines,H2,2021,historical_evaluated,19907.1711,0.24175734704269097,4812.704872260928,5404.073267999999,12.287651361037156,16.223438049753664,improving,0.29741124805712477,0.5,8.111719024876832,5203.097968995292,3.71895955213587,10.943012176404698,True,Residual yield model: flat-yield baseline (ASK x prior RASK) plus a shrunk signed adjustment from the 3-class yield-pressure bucket (lambda 0.5 x historical residual std).  The adjustment is capped so the weakly-validated yield signal cannot dominate the strong flat-yield prior.,2026-08-10T15:18:11.351154+00:00
airline_residual_yield_model,Spring Airlines,FY,2021,historical_evaluated,41481.3743,0.24768756127995203,10274.420438907879,10858.107439,5.68097250412074,16.223438049753664,improving,0.29741124805712477,0.5,8.111719024876832,11107.852556346603,2.3000796294349923,5.375586890912887,True,Residual yield model: flat-yield baseline (ASK x prior RASK) plus a shrunk signed adjustment from the 3-class yield-pressure bucket (lambda 0.5 x historical residual std).  The adjustment is capped so the weakly-validated yield signal cannot dominate the strong flat-yield prior.,2026-08-10T15:18:11.351154+00:00
airline_residual_yield_model,Hainan Airlines Holdings,H1,2021,historical_evaluated,46025.05,0.3756863288527568,17290.982069764577,18333.571,6.02966867948187,6.958584908122041,flat,0.18357721214642067,0.5,0.0,17290.982069764577,5.686774989091992,5.686774989091992,False,Residual yield model: flat-yield baseline (ASK x prior RASK) plus a shrunk signed adjustment from the 3-class yield-pressure bucket (lambda 0.5 x historical residual std).  The adjustment is capped so the weakly-validated yield signal cannot dominate the strong flat-yield prior.,2026-08-10T15:18:11.351154+00:00
airline_residual_yield_model,Hainan Airlines Holdings,H2,2021,historical_evaluated,37810.61,0.3863246873931907,14607.17208839585,15668.448,7.265444024221801,6.958584908122041,flat,0.18357721214642067,0.5,0.0,14607.17208839585,6.773331421236806,6.773331421236806,False,Residual yield model: flat-yield baseline (ASK x prior RASK) plus a shrunk signed adjustment from the 3-class yield-pressure bucket (lambda 0.5 x historical residual std).  The adjustment is capped so the weakly-validated yield signal cannot dominate the strong flat-yield prior.,2026-08-10T15:18:11.351154+00:00
airline_residual_yield_model,Hainan Airlines Holdings,FY,2021,historical_evaluated,83835.66,0.38201551890384605,32026.523157546413,34002.019,6.168311910523783,6.958584908122041,flat,0.18357721214642067,0.5,0.0,32026.523157546413,5.809936881846889,5.809936881846889,False,Residual yield model: flat-yield baseline (ASK x prior RASK) plus a shrunk signed adjustment from the 3-class yield-pressure bucket (lambda 0.5 x historical residual std).  The adjustment is capped so the weakly-validated yield signal cannot dominate the strong flat-yield prior.,2026-08-10T15:18:11.351154+00:00
airline_residual_yield_model,Juneyao Airlines,H1,2021,historical_evaluated,18966.0658,0.34653254745257933,6572.359096827242,6048.83727172,-7.965508539543564,10.493964165288634,flat,-0.015827178121457074,0.5,0.0,6572.359096827242,8.654916665635092,8.654916665635092,False,Residual yield model: flat-yield baseline (ASK x prior RASK) plus a shrunk signed adjustment from the 3-class yield-pressure bucket (lambda 0.5 x historical residual std).  The adjustment is capped so the weakly-validated yield signal cannot dominate the strong flat-yield prior.,2026-08-10T15:18:11.351154+00:00
airline_residual_yield_model,Juneyao Airlines,H2,2021,historical_evaluated,17214.856600000003,0.3100168293565639,5336.895260959918,5718.2706330500005,7.146015678439355,10.493964165288634,flat,-0.015827178121457074,0.5,0.0,5336.895260959918,6.6694180209981635,6.6694180209981635,False,Residual yield model: flat-yield baseline (ASK x prior RASK) plus a shrunk signed adjustment from the 3-class yield-pressure bucket (lambda 0.5 x historical residual std).  The adjustment is capped so the weakly-validated yield signal cannot dominate the strong flat-yield prior.,2026-08-10T15:18:11.351154+00:00
airline_residual_yield_model,Juneyao Airlines,FY,2021,historical_evaluated,36180.9224,0.32411343242251645,11726.722947276712,11767.10790477,0.3443839994758946,10.493964165288634,flat,-0.015827178121457074,0.5,0.0,11726.722947276712,0.3432020664730806,0.3432020664730806,False,Residual yield model: flat-yield baseline (ASK x prior RASK) plus a shrunk signed adjustment from the 3-class yield-pressure bucket (lambda 0.5 x historical residual std).  The adjustment is capped so the weakly-validated yield signal cannot dominate the strong flat-yield prior.,2026-08-10T15:18:11.351154+00:00
airline_residual_yield_model,Air China,H1,2022,historical_evaluated,44282.1,0.45665161218358297,20221.492355874638,23952.653,18.451460349519657,8.093881885217765,deteriorating,-0.2684000636829911,0.5,-4.046940942608883,19403.14050251822,18.993772829597532,15.577233319938966,False,Residual yield model: flat-yield baseline (ASK x prior RASK) plus a shrunk signed adjustment from the 3-class yield-pressure bucket (lambda 0.5 x historical residual std).  The adjustment is capped so the weakly-validated yield signal cannot dominate the strong flat-yield prior.,2026-08-10T15:18:11.351154+00:00
airline_residual_yield_model,Air China,H2,2022,historical_evaluated,51914.0,0.5276539437508676,27392.62683588254,28944.931000000004,5.66686858262182,8.093881885217765,deteriorating,-0.2684000636829911,0.5,-4.046940942608883,26284.063405205143,9.192862110449873,5.362956864942825,False,Residual yield model: flat-yield baseline (ASK x prior RASK) plus a shrunk signed adjustment from the 3-class yield-pressure bucket (lambda 0.5 x historical residual std).  The adjustment is capped so the weakly-validated yield signal cannot dominate the strong flat-yield prior.,2026-08-10T15:18:11.351154+00:00
airline_residual_yield_model,Air China,FY,2022,historical_evaluated,96196.1,0.48921506142127147,47060.580969986775,52897.584,12.403168234866936,8.093881885217765,deteriorating,-0.2684000636829911,0.5,-4.046940942608883,45156.067050882775,14.634915933244185,11.034536151997465,False,Residual yield model: flat-yield baseline (ASK x prior RASK) plus a shrunk signed adjustment from the 3-class yield-pressure bucket (lambda 0.5 x historical residual std).  The adjustment is capped so the weakly-validated yield signal cannot dominate the strong flat-yield prior.,2026-08-10T15:18:11.351154+00:00
airline_residual_yield_model,China Southern Airlines,H1,2022,historical_evaluated,75058.48999999999,0.4512054102657105,33866.79677437472,40817.0,20.52217477763987,8.932924694595181,deteriorating,-0.2564248690614471,0.5,-4.466462347297591,32354.14904821148,20.733642726776893,17.027716945452333,False,Residual yield model: flat-yield baseline (ASK x prior RASK) plus a shrunk signed adjustment from the 3-class yield-pressure bucket (lambda 0.5 x historical residual std).  The adjustment is capped so the weakly-validated yield signal cannot dominate the strong flat-yield prior.,2026-08-10T15:18:11.351154+00:00
airline_residual_yield_model,China Southern Airlines,H2,2022,historical_evaluated,78826.51999999999,0.5025607834760809,39615.117649892956,46242.0,16.72816526426486,8.932924694595181,deteriorating,-0.2564248690614471,0.5,-4.466462347297591,37845.72333622284,18.15725241939613,14.330873124231314,False,Residual yield model: flat-yield baseline (ASK x prior RASK) plus a shrunk signed adjustment from the 3-class yield-pressure bucket (lambda 0.5 x historical residual std).  The adjustment is capped so the weakly-validated yield signal cannot dominate the strong flat-yield prior.,2026-08-10T15:18:11.351154+00:00
airline_residual_yield_model,China Southern Airlines,FY,2022,historical_evaluated,153885.00999999995,0.47512093745281814,73113.99021113628,87059.0,19.07297050618326,8.932924694595181,deteriorating,-0.2564248690614471,0.5,-4.466462347297591,69848.38136774903,19.768913762219842,16.017884180686348,False,Residual yield model: flat-yield baseline (ASK x prior RASK) plus a shrunk signed adjustment from the 3-class yield-pressure bucket (lambda 0.5 x historical residual std).  The adjustment is capped so the weakly-validated yield signal cannot dominate the strong flat-yield prior.,2026-08-10T15:18:11.351154+00:00
airline_residual_yield_model,China Eastern Airlines,H1,2022,historical_evaluated,44535.600000000006,0.40394382306352805,17989.880526428064,19354.0,7.582704463033951,8.733170349765118,flat,-0.16938191452420948,0.5,0.0,17989.880526428064,7.048256037883316,7.048256037883316,False,Residual yield model: flat-yield baseline (ASK x prior RASK) plus a shrunk signed adjustment from the 3-class yield-pressure bucket (lambda 0.5 x historical residual std).  The adjustment is capped so the weakly-validated yield signal cannot dominate the strong flat-yield prior.,2026-08-10T15:18:11.351154+00:00
airline_residual_yield_model,China Eastern Airlines,H2,2022,historical_evaluated,51644.05,0.4335909171283192,22392.391003720775,26951.0,20.357848322324124,8.733170349765118,flat,-0.16938191452420948,0.5,0.0,22392.391003720775,16.914433587915944,16.914433587915944,False,Residual yield model: flat-yield baseline (ASK x prior RASK) plus a shrunk signed adjustment from the 3-class yield-pressure bucket (lambda 0.5 x historical residual std).  The adjustment is capped so the weakly-validated yield signal cannot dominate the strong flat-yield prior.,2026-08-10T15:18:11.351154+00:00
airline_residual_yield_model,China Eastern Airlines,FY,2022,historical_evaluated,96179.65,0.41773753124070234,40177.849546594814,46305.0,15.250070679615257,8.733170349765118,flat,-0.16938191452420948,0.5,0.0,40177.849546594814,13.23215733377645,13.23215733377645,False,Residual yield model: flat-yield baseline (ASK x prior RASK) plus a shrunk signed adjustment from the 3-class yield-pressure bucket (lambda 0.5 x historical residual std).  The adjustment is capped so the weakly-validated yield signal cannot dominate the strong flat-yield prior.,2026-08-10T15:18:11.351154+00:00
airline_residual_yield_model,Spring Airlines,H1,2022,historical_evaluated,14730.8105,0.2528035042795926,3724.000515278617,3653.669165,-1.8885966849377822,16.223438049753664,deteriorating,-0.4028119036302682,0.5,-8.111719024876832,3421.9200569942504,6.342914411238143,1.9249512504402544,False,Residual yield model: flat-yield baseline (ASK x prior RASK) plus a shrunk signed adjustment from the 3-class yield-pressure bucket (lambda 0.5 x historical residual std).  The adjustment is capped so the weakly-validated yield signal cannot dominate the strong flat-yield prior.,2026-08-10T15:18:11.351154+00:00
airline_residual_yield_model,Spring Airlines,H2,2022,historical_evaluated,15622.9896,0.2714636469869895,4241.073733655809,4715.297174000001,11.181683463338722,16.223438049753664,deteriorating,-0.4028119036302682,0.5,-8.111719024876832,3897.0497487437965,17.35304043545749,10.057127320819681,False,Residual yield model: flat-yield baseline (ASK x prior RASK) plus a shrunk signed adjustment from the 3-class yield-pressure bucket (lambda 0.5 x historical residual std).  The adjustment is capped so the weakly-validated yield signal cannot dominate the strong flat-yield prior.,2026-08-10T15:18:11.351154+00:00
airline_residual_yield_model,Spring Airlines,FY,2022,historical_evaluated,30353.8001,0.2617586235323934,7945.368933153424,8368.966339,5.331374910471953,16.223438049753664,deteriorating,-0.4028119036302682,0.5,-8.111719024876832,7300.862929806165,12.762668242748154,5.0615259840702365,False,Residual yield model: flat-yield baseline (ASK x prior RASK) plus a shrunk signed adjustment from the 3-class yield-pressure bucket (lambda 0.5 x historical residual std).  The adjustment is capped so the weakly-validated yield signal cannot dominate the strong flat-yield prior.,2026-08-10T15:18:11.351154+00:00
airline_residual_yield_model,Hainan Airlines Holdings,H1,2022,historical_evaluated,24767.51,0.3983389697566868,9865.864416838438,11076.011,12.265996490851405,6.958584908122041,deteriorating,-0.3002672730727803,0.5,-3.4792924540610204,9522.602140655486,14.024984801337903,10.925834067531737,False,Residual yield model: flat-yield baseline (ASK x prior RASK) plus a shrunk signed adjustment from the 3-class yield-pressure bucket (lambda 0.5 x historical residual std).  The adjustment is capped so the weakly-validated yield signal cannot dominate the strong flat-yield prior.,2026-08-10T15:18:11.351154+00:00
airline_residual_yield_model,Hainan Airlines Holdings,H2,2022,historical_evaluated,24758.659999999996,0.4143928913074928,10259.812702299168,11788.182,14.896658857703438,6.958584908122041,deteriorating,-0.3002672730727803,0.5,-3.4792924540610204,9902.84381314728,15.993460118385695,12.965267228660293,False,Residual yield model: flat-yield baseline (ASK x prior RASK) plus a shrunk signed adjustment from the 3-class yield-pressure bucket (lambda 0.5 x historical residual std).  The adjustment is capped so the weakly-validated yield signal cannot dominate the strong flat-yield prior.,2026-08-10T15:18:11.351154+00:00
airline_residual_yield_model,Hainan Airlines Holdings,FY,2022,historical_evaluated,49526.17,0.40557942765644117,20086.795682615608,22864.193,13.82698047647355,6.958584908122041,deteriorating,-0.3002672730727803,0.5,-3.4792924540610204,19387.917316167706,15.204016532891817,12.147366484285671,False,Residual yield model: flat-yield baseline (ASK x prior RASK) plus a shrunk signed adjustment from the 3-class yield-pressure bucket (lambda 0.5 x historical residual std).  The adjustment is capped so the weakly-validated yield signal cannot dominate the strong flat-yield prior.,2026-08-10T15:18:11.351154+00:00
airline_residual_yield_model,Juneyao Airlines,H1,2022,historical_evaluated,9985.4232,0.3189294677929463,3184.6457068633385,3410.71223804,7.098639911166815,10.493964165288634,deteriorating,-0.33415830351178816,0.5,-5.246982082644317,3017.5479172285177,11.527337792572567,6.628132642071649,False,Residual yield model: flat-yield baseline (ASK x prior RASK) plus a shrunk signed adjustment from the 3-class yield-pressure bucket (lambda 0.5 x historical residual std).  The adjustment is capped so the weakly-validated yield signal cannot dominate the strong flat-yield prior.,2026-08-10T15:18:11.351154+00:00
airline_residual_yield_model,Juneyao Airlines,H2,2022,historical_evaluated,13213.8225,0.3321706805881845,4389.244412996466,4799.63614219,9.349940230677788,10.493964165288634,deteriorating,-0.33415830351178816,0.5,-5.246982082644317,4158.941545083075,13.348815996176455,8.550475849327166,False,Residual yield model: flat-yield baseline (ASK x prior RASK) plus a shrunk signed adjustment from the 3-class yield-pressure bucket (lambda 0.5 x historical residual std).  The adjustment is capped so the weakly-validated yield signal cannot dominate the strong flat-yield prior.,2026-08-10T15:18:11.351154+00:00
airline_residual_yield_model,Juneyao Airlines,FY,2022,historical_evaluated,23199.2457,0.32522962722393167,7545.0820308874,8210.34838023,8.817218243873137,10.493964165288634,deteriorating,-0.33415830351178816,0.5,-5.246982082644317,7149.192928605922,12.924609315961222,8.102778573251769,False,Residual yield model: flat-yield baseline (ASK x prior RASK) plus a shrunk signed adjustment from the 3-class yield-pressure bucket (lambda 0.5 x historical residual std).  The adjustment is capped so the weakly-validated yield signal cannot dominate the strong flat-yield prior.,2026-08-10T15:18:11.351154+00:00
airline_residual_yield_model,Air China,H1,2023,historical_evaluated,128799.6,0.5409105033410792,69669.05646612967,59613.193,-14.433758652980222,8.093881885217765,improving,1.4721070243670173,0.5,4.046940942608883,72488.52203658677,21.598120128520492,16.868520138033325,False,Residual yield model: flat-yield baseline (ASK x prior RASK) plus a shrunk signed adjustment from the 3-class yield-pressure bucket (lambda 0.5 x historical residual std).  The adjustment is capped so the weakly-validated yield signal cannot dominate the strong flat-yield prior.,2026-08-10T15:18:11.351154+00:00
airline_residual_yield_model,Air China,H2,2023,historical_evaluated,163714.2,0.5575553993142506,91279.73615441308,81487.041,-10.728224649825147,8.093881885217765,improving,1.4721070243670173,0.5,4.046940942608883,94973.77316915139,16.55076930471853,12.017487730856601,False,Residual yield model: flat-yield baseline (ASK x prior RASK) plus a shrunk signed adjustment from the 3-class yield-pressure bucket (lambda 0.5 x historical residual std).  The adjustment is capped so the weakly-validated yield signal cannot dominate the strong flat-yield prior.,2026-08-10T15:18:11.351154+00:00
airline_residual_yield_model,Air China,FY,2023,historical_evaluated,292513.8,0.5498932285196593,160851.3578685539,141100.234,-12.279115408335151,8.093881885217765,improving,1.4721070243670173,0.5,4.046940942608883,167360.91732687876,18.61136766568279,13.997938421954647,False,Residual yield model: flat-yield baseline (ASK x prior RASK) plus a shrunk signed adjustment from the 3-class yield-pressure bucket (lambda 0.5 x historical residual std).  The adjustment is capped so the weakly-validated yield signal cannot dominate the strong flat-yield prior.,2026-08-10T15:18:11.351154+00:00
airline_residual_yield_model,China Southern Airlines,H1,2023,historical_evaluated,144043.93,0.5438025731666065,78331.45978303054,71830.0,-8.29993440826825,8.932924694595181,improving,1.3580725255140214,0.5,4.466462347297591,81830.10494032816,13.921905805830658,9.05117608663586,False,Residual yield model: flat-yield baseline (ASK x prior RASK) plus a shrunk signed adjustment from the 3-class yield-pressure bucket (lambda 0.5 x historical residual std).  The adjustment is capped so the weakly-validated yield signal cannot dominate the strong flat-yield prior.,2026-08-10T15:18:11.351154+00:00
airline_residual_yield_model,China Southern Airlines,H2,2023,historical_evaluated,172177.65,0.5866299818893439,101004.57170124979,88099.0,-12.777215411022935,8.932924694595181,improving,1.3580725255140214,0.5,4.466462347297591,105515.90286533532,19.769694168305342,14.648942327665226,False,Residual yield model: flat-yield baseline (ASK x prior RASK) plus a shrunk signed adjustment from the 3-class yield-pressure bucket (lambda 0.5 x historical residual std).  The adjustment is capped so the weakly-validated yield signal cannot dominate the strong flat-yield prior.,2026-08-10T15:18:11.351154+00:00
airline_residual_yield_model,China Southern Airlines,FY,2023,historical_evaluated,316221.57999999996,0.5657406137218955,178899.39074130746,159929.0,-10.603943737706222,8.932924694595181,improving,1.3580725255140214,0.5,4.466462347297591,186889.86466831277,16.858021164587278,11.861757868371248,False,Residual yield model: flat-yield baseline (ASK x prior RASK) plus a shrunk signed adjustment from the 3-class yield-pressure bucket (lambda 0.5 x historical residual std).  The adjustment is capped so the weakly-validated yield signal cannot dominate the strong flat-yield prior.,2026-08-10T15:18:11.351154+00:00
airline_residual_yield_model,China Eastern Airlines,H1,2023,historical_evaluated,108605.29,0.4345736893631162,47197.001559651144,49511.0,4.902850528384195,8.733170349765118,improving,1.3179404805827766,0.5,4.366585174882559,49257.89883274396,0.5112018889863679,4.673705722665378,True,Residual yield model: flat-yield baseline (ASK x prior RASK) plus a shrunk signed adjustment from the 3-class yield-pressure bucket (lambda 0.5 x historical residual std).  The adjustment is capped so the weakly-validated yield signal cannot dominate the strong flat-yield prior.,2026-08-10T15:18:11.351154+00:00
airline_residual_yield_model,China Eastern Airlines,H2,2023,historical_evaluated,136369.45,0.5218606983766765,71165.85641424327,64277.0,-9.68000212650364,8.733170349765118,improving,1.3179404805827766,0.5,4.366585174882559,74273.37415000582,15.55202350764009,10.717451676716827,False,Residual yield model: flat-yield baseline (ASK x prior RASK) plus a shrunk signed adjustment from the 3-class yield-pressure bucket (lambda 0.5 x historical residual std).  The adjustment is capped so the weakly-validated yield signal cannot dominate the strong flat-yield prior.,2026-08-10T15:18:11.351154+00:00
airline_residual_yield_model,China Eastern Airlines,FY,2023,historical_evaluated,244974.74,0.4814428000101893,117941.32475736811,113788.0,-3.521517810582886,8.733170349765118,improving,1.3179404805827766,0.5,4.366585174882559,123091.33315928344,8.176023094951535,3.650055152887921,False,Residual yield model: flat-yield baseline (ASK x prior RASK) plus a shrunk signed adjustment from the 3-class yield-pressure bucket (lambda 0.5 x historical residual std).  The adjustment is capped so the weakly-validated yield signal cannot dominate the strong flat-yield prior.,2026-08-10T15:18:11.351154+00:00
airline_residual_yield_model,Spring Airlines,H1,2023,historical_evaluated,22044.4174,0.2480290656783617,5467.656251145819,8030.371802,46.870458440344166,16.223438049753664,improving,1.454437954142901,0.5,8.111719024876832,5911.177163484882,26.389744967814856,31.91278827483337,True,Residual yield model: flat-yield baseline (ASK x prior RASK) plus a shrunk signed adjustment from the 3-class yield-pressure bucket (lambda 0.5 x historical residual std).  The adjustment is capped so the weakly-validated yield signal cannot dominate the strong flat-yield prior.,2026-08-10T15:18:11.351154+00:00
airline_residual_yield_model,Spring Airlines,H2,2023,historical_evaluated,25422.4483,0.30181785271110984,7672.948756565204,9907.485621000002,29.122270137968265,16.223438049753664,improving,1.454437954142901,0.5,8.111719024876832,8295.356800620555,16.271825991474188,22.55402581355709,True,Residual yield model: flat-yield baseline (ASK x prior RASK) plus a shrunk signed adjustment from the 3-class yield-pressure bucket (lambda 0.5 x historical residual std).  The adjustment is capped so the weakly-validated yield signal cannot dominate the strong flat-yield prior.,2026-08-10T15:18:11.351154+00:00
airline_residual_yield_model,Spring Airlines,FY,2023,historical_evaluated,47466.865699999995,0.2757139571133962,13087.277373917135,17937.857423,37.06332425375234,16.223438049753664,improving,1.454437954142901,0.5,8.111719024876832,14148.880542495574,21.12279516530321,27.041022429264217,True,Residual yield model: flat-yield baseline (ASK x prior RASK) plus a shrunk signed adjustment from the 3-class yield-pressure bucket (lambda 0.5 x historical residual std).  The adjustment is capped so the weakly-validated yield signal cannot dominate the strong flat-yield prior.,2026-08-10T15:18:11.351154+00:00
airline_residual_yield_model,Hainan Airlines Holdings,H1,2023,historical_evaluated,59614.8,0.4471992138087358,26659.691691365024,27636.003,3.6621252786325664,6.958584908122041,improving,1.4044518227016052,0.5,3.4792924540610204,27587.26033265862,0.1763737952314548,3.5327514931698945,True,Residual yield model: flat-yield baseline (ASK x prior RASK) plus a shrunk signed adjustment from the 3-class yield-pressure bucket (lambda 0.5 x historical residual std).  The adjustment is capped so the weakly-validated yield signal cannot dominate the strong flat-yield prior.,2026-08-10T15:18:11.351154+00:00
airline_residual_yield_model,Hainan Airlines Holdings,H2,2023,historical_evaluated,65931.23,0.47612358665614385,31391.41370025115,31005.085000000003,-1.230682708144648,6.958584908122041,improving,1.4044518227016052,0.5,3.4792924540610204,32483.612788347065,4.768662264099777,1.246017226694085,False,Residual yield model: flat-yield baseline (ASK x prior RASK) plus a shrunk signed adjustment from the 3-class yield-pressure bucket (lambda 0.5 x historical residual std).  The adjustment is capped so the weakly-validated yield signal cannot dominate the strong flat-yield prior.,2026-08-10T15:18:11.351154+00:00
airline_residual_yield_model,Hainan Airlines Holdings,FY,2023,historical_evaluated,125546.03,0.4616588159350905,57959.43155515135,58641.088,1.1760923572896598,6.958584908122041,improving,1.4044518227016052,0.5,3.4792924540610204,59976.009683666394,2.276427210331411,1.1624212102760656,False,Residual yield model: flat-yield baseline (ASK x prior RASK) plus a shrunk signed adjustment from the 3-class yield-pressure bucket (lambda 0.5 x historical residual std).  The adjustment is capped so the weakly-validated yield signal cannot dominate the strong flat-yield prior.,2026-08-10T15:18:11.351154+00:00
airline_residual_yield_model,Juneyao Airlines,H1,2023,historical_evaluated,22776.0607,0.3415691222821683,7779.599062344389,9330.88306415,19.940410673787756,10.493964165288634,improving,1.3649403597573688,0.5,5.246982082644317,8187.793231247164,12.250607204527931,16.625264630801873,True,Residual yield model: flat-yield baseline (ASK x prior RASK) plus a shrunk signed adjustment from the 3-class yield-pressure bucket (lambda 0.5 x historical residual std).  The adjustment is capped so the weakly-validated yield signal cannot dominate the strong flat-yield prior.,2026-08-10T15:18:11.351154+00:00
airline_residual_yield_model,Juneyao Airlines,H2,2023,historical_evaluated,24964.5084,0.36322844068701543,9067.819458649898,10764.78911734,18.714197679259527,10.493964165288634,improving,1.3649403597573688,0.5,5.246982082644317,9543.606320931793,11.344233343513599,15.764077123969034,True,Residual yield model: flat-yield baseline (ASK x prior RASK) plus a shrunk signed adjustment from the 3-class yield-pressure bucket (lambda 0.5 x historical residual std).  The adjustment is capped so the weakly-validated yield signal cannot dominate the strong flat-yield prior.,2026-08-10T15:18:11.351154+00:00
airline_residual_yield_model,Juneyao Airlines,FY,2023,historical_evaluated,47740.5691,0.35390583325000086,16895.665887164745,20095.67218149,18.939805721159697,10.493964165288634,improving,1.3649403597573688,0.5,5.246982082644317,17782.178449007726,11.512397851579303,15.923857960186883,True,Residual yield model: flat-yield baseline (ASK x prior RASK) plus a shrunk signed adjustment from the 3-class yield-pressure bucket (lambda 0.5 x historical residual std).  The adjustment is capped so the weakly-validated yield signal cannot dominate the strong flat-yield prior.,2026-08-10T15:18:11.351154+00:00
airline_residual_yield_model,Air China,H1,2024,historical_evaluated,171790.9,0.4628367867602073,79511.14815064409,79520.332,0.011550392076475902,8.093881885217765,improving,0.47806007043464255,0.5,4.046940942608883,82728.91735909092,4.0349245009325685,0.011549058114979083,False,Residual yield model: flat-yield baseline (ASK x prior RASK) plus a shrunk signed adjustment from the 3-class yield-pressure bucket (lambda 0.5 x historical residual std).  The adjustment is capped so the weakly-validated yield signal cannot dominate the strong flat-yield prior.,2026-08-10T15:18:11.351154+00:00
airline_residual_yield_model,Air China,H2,2024,historical_evaluated,184321.9,0.4977396035285882,91744.30942763608,87178.54800000001,-4.97661539568004,8.093881885217765,improving,0.47806007043464255,0.5,4.046940942608883,95457.14744837687,9.496142845114663,5.23725335232248,False,Residual yield model: flat-yield baseline (ASK x prior RASK) plus a shrunk signed adjustment from the 3-class yield-pressure bucket (lambda 0.5 x historical residual std).  The adjustment is capped so the weakly-validated yield signal cannot dominate the strong flat-yield prior.,2026-08-10T15:18:11.351154+00:00
airline_residual_yield_model,Air China,FY,2024,historical_evaluated,356112.8,0.48237120436711023,171778.56022654384,166698.88,-2.9571095600316344,8.093881885217765,improving,0.47806007043464255,0.5,4.046940942608883,178730.3371109759,7.217479272191807,3.0472191694052464,False,Residual yield model: flat-yield baseline (ASK x prior RASK) plus a shrunk signed adjustment from the 3-class yield-pressure bucket (lambda 0.5 x historical residual std).  The adjustment is capped so the weakly-validated yield signal cannot dominate the strong flat-yield prior.,2026-08-10T15:18:11.351154+00:00
airline_residual_yield_model,China Southern Airlines,H1,2024,historical_evaluated,175282.71,0.4986673162833033,87407.75858656452,84790.0,-2.99488126557097,8.932924694595181,improving,0.43593813895049055,0.5,4.466462347297591,91311.79321245021,7.691700922809552,3.0873435388188764,False,Residual yield model: flat-yield baseline (ASK x prior RASK) plus a shrunk signed adjustment from the 3-class yield-pressure bucket (lambda 0.5 x historical residual std).  The adjustment is capped so the weakly-validated yield signal cannot dominate the strong flat-yield prior.,2026-08-10T15:18:11.351154+00:00
airline_residual_yield_model,China Southern Airlines,H2,2024,historical_evaluated,187641.58,0.5116750054376976,96011.50646683817,89434.0,-6.850748112269245,8.932924694595181,improving,0.43593813895049055,0.5,4.466462347297591,100299.82425225269,12.149545197858401,7.354592735244059,False,Residual yield model: flat-yield baseline (ASK x prior RASK) plus a shrunk signed adjustment from the 3-class yield-pressure bucket (lambda 0.5 x historical residual std).  The adjustment is capped so the weakly-validated yield signal cannot dominate the strong flat-yield prior.,2026-08-10T15:18:11.351154+00:00
airline_residual_yield_model,China Southern Airlines,FY,2024,historical_evaluated,362924.2899999999,0.5057497973414719,183548.88611779752,174224.0,-5.080328361030217,8.932924694595181,improving,0.43593813895049055,0.5,4.466462347297591,191747.0280051331,10.057757831947999,5.352239713126505,False,Residual yield model: flat-yield baseline (ASK x prior RASK) plus a shrunk signed adjustment from the 3-class yield-pressure bucket (lambda 0.5 x historical residual std).  The adjustment is capped so the weakly-validated yield signal cannot dominate the strong flat-yield prior.,2026-08-10T15:18:11.351154+00:00
airline_residual_yield_model,China Eastern Airlines,H1,2024,historical_evaluated,144251.52000000002,0.45588018778827444,65761.41002634403,64199.0,-2.3758767120688584,8.733170349765118,improving,0.5816260464330832,0.5,4.366585174882559,68632.9380073481,6.906553073019994,2.4336983852459193,False,Residual yield model: flat-yield baseline (ASK x prior RASK) plus a shrunk signed adjustment from the 3-class yield-pressure bucket (lambda 0.5 x historical residual std).  The adjustment is capped so the weakly-validated yield signal cannot dominate the strong flat-yield prior.,2026-08-10T15:18:11.351154+00:00
airline_residual_yield_model,China Eastern Airlines,H2,2024,historical_evaluated,152657.68,0.4713445716764275,71954.36879271713,67921.0,-5.605453651238712,8.733170349765118,improving,0.5816260464330832,0.5,4.366585174882559,75096.31759310023,10.564210764123372,5.93832362997766,False,Residual yield model: flat-yield baseline (ASK x prior RASK) plus a shrunk signed adjustment from the 3-class yield-pressure bucket (lambda 0.5 x historical residual std).  The adjustment is capped so the weakly-validated yield signal cannot dominate the strong flat-yield prior.,2026-08-10T15:18:11.351154+00:00
airline_residual_yield_model,China Eastern Airlines,FY,2024,historical_evaluated,296909.20000000007,0.46448870606006154,137910.97012532805,132120.0,-4.199064164413791,8.733170349765118,improving,0.5816260464330832,0.5,4.366585174882559,143932.97010135732,8.9410915087476,4.383113930766003,False,Residual yield model: flat-yield baseline (ASK x prior RASK) plus a shrunk signed adjustment from the 3-class yield-pressure bucket (lambda 0.5 x historical residual std).  The adjustment is capped so the weakly-validated yield signal cannot dominate the strong flat-yield prior.,2026-08-10T15:18:11.351154+00:00
airline_residual_yield_model,Spring Airlines,H1,2024,historical_evaluated,26776.060299999997,0.36428142582711215,9754.02142411673,9875.103007,1.2413503889164623,16.223438049753664,flat,0.16038428903274954,0.5,0.0,9754.02142411673,1.2261298216073357,1.2261298216073357,False,Residual yield model: flat-yield baseline (ASK x prior RASK) plus a shrunk signed adjustment from the 3-class yield-pressure bucket (lambda 0.5 x historical residual std).  The adjustment is capped so the weakly-validated yield signal cannot dominate the strong flat-yield prior.,2026-08-10T15:18:11.351154+00:00
airline_residual_yield_model,Spring Airlines,H2,2024,historical_evaluated,28317.418,0.3897140631022545,11035.696025344918,10124.824174,-8.25386862100026,16.223438049753664,flat,0.16038428903274954,0.5,0.0,11035.696025344918,8.996421426102263,8.996421426102263,False,Residual yield model: flat-yield baseline (ASK x prior RASK) plus a shrunk signed adjustment from the 3-class yield-pressure bucket (lambda 0.5 x historical residual std).  The adjustment is capped so the weakly-validated yield signal cannot dominate the strong flat-yield prior.,2026-08-10T15:18:11.351154+00:00
airline_residual_yield_model,Spring Airlines,FY,2024,historical_evaluated,55093.478299999995,0.3779027150511858,20819.975031183585,19999.927181,-3.9387552048229635,16.223438049753664,flat,0.16038428903274954,0.5,0.0,20819.975031183585,4.100254179738383,4.100254179738383,False,Residual yield model: flat-yield baseline (ASK x prior RASK) plus a shrunk signed adjustment from the 3-class yield-pressure bucket (lambda 0.5 x historical residual std).  The adjustment is capped so the weakly-validated yield signal cannot dominate the strong flat-yield prior.,2026-08-10T15:18:11.351154+00:00
airline_residual_yield_model,Hainan Airlines Holdings,H1,2024,historical_evaluated,69741.69,0.4635762092634715,32330.58827782816,31742.628,-1.8185882445924118,6.958584908122041,flat,0.106852355014679,0.5,0.0,32330.58827782816,1.8522734722158374,1.8522734722158374,False,Residual yield model: flat-yield baseline (ASK x prior RASK) plus a shrunk signed adjustment from the 3-class yield-pressure bucket (lambda 0.5 x historical residual std).  The adjustment is capped so the weakly-validated yield signal cannot dominate the strong flat-yield prior.,2026-08-10T15:18:11.351154+00:00
airline_residual_yield_model,Hainan Airlines Holdings,H2,2024,historical_evaluated,78597.29000000001,0.4702640160057685,36961.477242570036,33493.272,-9.383297155059477,6.958584908122041,flat,0.106852355014679,0.5,0.0,36961.477242570036,10.354931111448407,10.354931111448407,False,Residual yield model: flat-yield baseline (ASK x prior RASK) plus a shrunk signed adjustment from the 3-class yield-pressure bucket (lambda 0.5 x historical residual std).  The adjustment is capped so the weakly-validated yield signal cannot dominate the strong flat-yield prior.,2026-08-10T15:18:11.351154+00:00
airline_residual_yield_model,Hainan Airlines Holdings,FY,2024,historical_evaluated,148338.97999999998,0.4670883499860569,69287.4094068147,65235.9,-5.847396289600937,6.958584908122041,flat,0.106852355014679,0.5,0.0,69287.4094068147,6.210551869162062,6.210551869162062,False,Residual yield model: flat-yield baseline (ASK x prior RASK) plus a shrunk signed adjustment from the 3-class yield-pressure bucket (lambda 0.5 x historical residual std).  The adjustment is capped so the weakly-validated yield signal cannot dominate the strong flat-yield prior.,2026-08-10T15:18:11.351154+00:00
airline_residual_yield_model,Juneyao Airlines,H1,2024,historical_evaluated,27467.886700000003,0.40967940800008495,11253.027562269408,10955.54496983,-2.6435782796520146,10.493964165288634,flat,0.18371388433948022,0.5,0.0,11253.027562269408,2.7153609725361294,2.7153609725361294,False,Residual yield model: flat-yield baseline (ASK x prior RASK) plus a shrunk signed adjustment from the 3-class yield-pressure bucket (lambda 0.5 x historical residual std).  The adjustment is capped so the weakly-validated yield signal cannot dominate the strong flat-yield prior.,2026-08-10T15:18:11.351154+00:00
airline_residual_yield_model,Juneyao Airlines,H2,2024,historical_evaluated,28545.632800000007,0.4312037291044754,12308.983313007031,11139.41581057,-9.501739280133215,10.493964165288634,flat,0.18371388433948022,0.5,0.0,12308.983313007031,10.499361208217461,10.499361208217461,False,Residual yield model: flat-yield baseline (ASK x prior RASK) plus a shrunk signed adjustment from the 3-class yield-pressure bucket (lambda 0.5 x historical residual std).  The adjustment is capped so the weakly-validated yield signal cannot dominate the strong flat-yield prior.,2026-08-10T15:18:11.351154+00:00
airline_residual_yield_model,Juneyao Airlines,FY,2024,historical_evaluated,56013.51950000001,0.4209349105034025,23578.045817713093,22094.9607804,-6.2901100828250955,10.493964165288634,flat,0.18371388433948022,0.5,0.0,23578.045817713093,6.712322561028072,6.712322561028072,False,Residual yield model: flat-yield baseline (ASK x prior RASK) plus a shrunk signed adjustment from the 3-class yield-pressure bucket (lambda 0.5 x historical residual std).  The adjustment is capped so the weakly-validated yield signal cannot dominate the strong flat-yield prior.,2026-08-10T15:18:11.351154+00:00
airline_residual_yield_model,Air China,H1,2025,historical_evaluated,177576.30000000002,0.46289024622375224,82198.3372305029,80757.434,-1.7529590975329246,8.093881885217765,flat,-0.013620692630237949,0.5,0.0,82198.3372305029,1.7842360252591893,1.7842360252591893,False,Residual yield model: flat-yield baseline (ASK x prior RASK) plus a shrunk signed adjustment from the 3-class yield-pressure bucket (lambda 0.5 x historical residual std).  The adjustment is capped so the weakly-validated yield signal cannot dominate the strong flat-yield prior.,2026-08-10T15:18:11.351154+00:00
airline_residual_yield_model,Air China,H2,2025,historical_evaluated,190060.7,0.4729690177889877,89892.82259928746,90727.212,0.9282046959766532,8.093881885217765,flat,-0.013620692630237949,0.5,0.0,89892.82259928746,0.919668291705622,0.919668291705622,False,Residual yield model: flat-yield baseline (ASK x prior RASK) plus a shrunk signed adjustment from the 3-class yield-pressure bucket (lambda 0.5 x historical residual std).  The adjustment is capped so the weakly-validated yield signal cannot dominate the strong flat-yield prior.,2026-08-10T15:18:11.351154+00:00
airline_residual_yield_model,Air China,FY,2025,historical_evaluated,367637.00000000006,0.4681069593679306,172093.43822114792,171484.646,-0.35375678900994023,8.093881885217765,flat,-0.013620692630237949,0.5,0.0,172093.43822114792,0.35501267043343,0.35501267043343,False,Residual yield model: flat-yield baseline (ASK x prior RASK) plus a shrunk signed adjustment from the 3-class yield-pressure bucket (lambda 0.5 x historical residual std).  The adjustment is capped so the weakly-validated yield signal cannot dominate the strong flat-yield prior.,2026-08-10T15:18:11.351154+00:00
airline_residual_yield_model,China Southern Airlines,H1,2025,historical_evaluated,184837.27999999997,0.4837328222504091,89411.85911148907,86291.0,-3.4904308472074375,8.932924694595181,flat,-0.04782674789611339,0.5,0.0,89411.85911148907,3.6166681478822404,3.6166681478822404,False,Residual yield model: flat-yield baseline (ASK x prior RASK) plus a shrunk signed adjustment from the 3-class yield-pressure bucket (lambda 0.5 x historical residual std).  The adjustment is capped so the weakly-validated yield signal cannot dominate the strong flat-yield prior.,2026-08-10T15:18:11.351154+00:00
airline_residual_yield_model,China Southern Airlines,H2,2025,historical_evaluated,201423.65,0.47662143966172105,96002.83004491862,95965.0,-0.039405135141246106,8.932924694595181,flat,-0.04782674789611339,0.5,0.0,96002.83004491862,0.0394206689090959,0.0394206689090959,False,Residual yield model: flat-yield baseline (ASK x prior RASK) plus a shrunk signed adjustment from the 3-class yield-pressure bucket (lambda 0.5 x historical residual std).  The adjustment is capped so the weakly-validated yield signal cannot dominate the strong flat-yield prior.,2026-08-10T15:18:11.351154+00:00
airline_residual_yield_model,China Southern Airlines,FY,2025,historical_evaluated,386260.92999999993,0.48005604695128024,185426.89514752512,182256.0,-1.7100513628308334,8.932924694595181,flat,-0.04782674789611339,0.5,0.0,185426.89514752512,1.7398028857898318,1.7398028857898318,False,Residual yield model: flat-yield baseline (ASK x prior RASK) plus a shrunk signed adjustment from the 3-class yield-pressure bucket (lambda 0.5 x historical residual std).  The adjustment is capped so the weakly-validated yield signal cannot dominate the strong flat-yield prior.,2026-08-10T15:18:11.351154+00:00
airline_residual_yield_model,China Eastern Airlines,H1,2025,historical_evaluated,155022.3,0.445049036571677,68992.52526212548,66822.0,-3.1460295936102223,8.733170349765118,flat,0.03878516681050861,0.5,0.0,68992.52526212548,3.24821954165615,3.24821954165615,False,Residual yield model: flat-yield baseline (ASK x prior RASK) plus a shrunk signed adjustment from the 3-class yield-pressure bucket (lambda 0.5 x historical residual std).  The adjustment is capped so the weakly-validated yield signal cannot dominate the strong flat-yield prior.,2026-08-10T15:18:11.351154+00:00
airline_residual_yield_model,China Eastern Airlines,H2,2025,historical_evaluated,161906.06,0.4449235701734757,72035.82224792097,73119.0,1.5036654240596192,8.733170349765118,flat,0.03878516681050861,0.5,0.0,72035.82224792097,1.4813902707627724,1.4813902707627724,False,Residual yield model: flat-yield baseline (ASK x prior RASK) plus a shrunk signed adjustment from the 3-class yield-pressure bucket (lambda 0.5 x historical residual std).  The adjustment is capped so the weakly-validated yield signal cannot dominate the strong flat-yield prior.,2026-08-10T15:18:11.351154+00:00
airline_residual_yield_model,China Eastern Airlines,FY,2025,historical_evaluated,316928.36000000004,0.4449845272561442,141028.2164486651,139941.0,-0.7709212213293681,8.733170349765118,flat,0.03878516681050861,0.5,0.0,141028.2164486651,0.7769105899379847,0.7769105899379847,False,Residual yield model: flat-yield baseline (ASK x prior RASK) plus a shrunk signed adjustment from the 3-class yield-pressure bucket (lambda 0.5 x historical residual std).  The adjustment is capped so the weakly-validated yield signal cannot dominate the strong flat-yield prior.,2026-08-10T15:18:11.351154+00:00
airline_residual_yield_model,Spring Airlines,H1,2025,historical_evaluated,29307.9502,0.36880343472336746,10808.872698461404,10304.467333,-4.666586234595971,16.223438049753664,flat,-0.049077344481478026,0.5,0.0,10808.872698461404,4.89501639590868,4.89501639590868,False,Residual yield model: flat-yield baseline (ASK x prior RASK) plus a shrunk signed adjustment from the 3-class yield-pressure bucket (lambda 0.5 x historical residual std).  The adjustment is capped so the weakly-validated yield signal cannot dominate the strong flat-yield prior.,2026-08-10T15:18:11.351154+00:00
airline_residual_yield_model,Spring Airlines,H2,2025,historical_evaluated,32441.051700000004,0.3575475763362323,11599.21940913341,11155.064095999998,-3.8291827877975804,16.223438049753664,flat,-0.049077344481478026,0.5,0.0,11599.21940913341,3.981647342507677,3.981647342507677,False,Residual yield model: flat-yield baseline (ASK x prior RASK) plus a shrunk signed adjustment from the 3-class yield-pressure bucket (lambda 0.5 x historical residual std).  The adjustment is capped so the weakly-validated yield signal cannot dominate the strong flat-yield prior.,2026-08-10T15:18:11.351154+00:00
airline_residual_yield_model,Spring Airlines,FY,2025,historical_evaluated,61749.0019,0.36301805219293987,22416.002394596144,21459.531429,-4.266911417830355,16.223438049753664,flat,-0.049077344481478026,0.5,0.0,22416.002394596144,4.457091566797167,4.457091566797167,False,Residual yield model: flat-yield baseline (ASK x prior RASK) plus a shrunk signed adjustment from the 3-class yield-pressure bucket (lambda 0.5 x historical residual std).  The adjustment is capped so the weakly-validated yield signal cannot dominate the strong flat-yield prior.,2026-08-10T15:18:11.351154+00:00
airline_residual_yield_model,Hainan Airlines Holdings,H1,2025,historical_evaluated,77921.56,0.45514566681707885,35465.660385627016,33083.352,-6.717225506937097,6.958584908122041,flat,-0.027197255465797602,0.5,0.0,35465.660385627016,7.200928084998814,7.200928084998814,False,Residual yield model: flat-yield baseline (ASK x prior RASK) plus a shrunk signed adjustment from the 3-class yield-pressure bucket (lambda 0.5 x historical residual std).  The adjustment is capped so the weakly-validated yield signal cannot dominate the strong flat-yield prior.,2026-08-10T15:18:11.351154+00:00
airline_residual_yield_model,Hainan Airlines Holdings,H2,2025,historical_evaluated,82582.46,0.4261377459706307,35191.503361109775,35387.56300000001,0.5571220896089857,6.958584908122041,flat,-0.027197255465797602,0.5,0.0,35191.503361109775,0.5540354358118282,0.5540354358118282,False,Residual yield model: flat-yield baseline (ASK x prior RASK) plus a shrunk signed adjustment from the 3-class yield-pressure bucket (lambda 0.5 x historical residual std).  The adjustment is capped so the weakly-validated yield signal cannot dominate the strong flat-yield prior.,2026-08-10T15:18:11.351154+00:00
airline_residual_yield_model,Hainan Airlines Holdings,FY,2025,historical_evaluated,160504.02,0.43977584313981405,70585.79072282957,68470.91500000001,-2.996177702583336,6.958584908122041,flat,-0.027197255465797602,0.5,0.0,70585.79072282957,3.0887212808965003,3.0887212808965003,False,Residual yield model: flat-yield baseline (ASK x prior RASK) plus a shrunk signed adjustment from the 3-class yield-pressure bucket (lambda 0.5 x historical residual std).  The adjustment is capped so the weakly-validated yield signal cannot dominate the strong flat-yield prior.,2026-08-10T15:18:11.351154+00:00
airline_residual_yield_model,Juneyao Airlines,H1,2025,historical_evaluated,28622.8614,0.3988492121539878,11416.205718982788,11067.18224521,-3.057263353203532,10.493964165288634,flat,0.0625188913008386,0.5,0.0,11416.205718982788,3.1536796452759974,3.1536796452759974,False,Residual yield model: flat-yield baseline (ASK x prior RASK) plus a shrunk signed adjustment from the 3-class yield-pressure bucket (lambda 0.5 x historical residual std).  The adjustment is capped so the weakly-validated yield signal cannot dominate the strong flat-yield prior.,2026-08-10T15:18:11.351154+00:00
airline_residual_yield_model,Juneyao Airlines,H2,2025,historical_evaluated,28555.1661,0.39023187499875633,11143.136008103924,11432.2559784,2.5946014666410777,10.493964165288634,flat,0.0625188913008386,0.5,0.0,11143.136008103924,2.528984400299794,2.528984400299794,False,Residual yield model: flat-yield baseline (ASK x prior RASK) plus a shrunk signed adjustment from the 3-class yield-pressure bucket (lambda 0.5 x historical residual std).  The adjustment is capped so the weakly-validated yield signal cannot dominate the strong flat-yield prior.,2026-08-10T15:18:11.351154+00:00
airline_residual_yield_model,Juneyao Airlines,FY,2025,historical_evaluated,57178.0275,0.39445764125569716,22554.309859303386,22499.43822361,-0.24328669791130464,10.493964165288634,flat,0.0625188913008386,0.5,0.0,22554.309859303386,0.24388002557240718,0.24388002557240718,False,Residual yield model: flat-yield baseline (ASK x prior RASK) plus a shrunk signed adjustment from the 3-class yield-pressure bucket (lambda 0.5 x historical residual std).  The adjustment is capped so the weakly-validated yield signal cannot dominate the strong flat-yield prior.,2026-08-10T15:18:11.351154+00:00
airline_residual_yield_model,Air China,H1,2026,current_forecast,180676.0,0.4547759695409803,82167.10307278617,,,8.093881885217765,flat,0.05350250011397297,0.5,0.0,82167.10307278617,,,,Residual yield model: flat-yield baseline (ASK x prior RASK) plus a shrunk signed adjustment from the 3-class yield-pressure bucket (lambda 0.5 x historical residual std).  The adjustment is capped so the weakly-validated yield signal cannot dominate the strong flat-yield prior.,2026-08-10T15:18:11.351154+00:00
airline_residual_yield_model,China Southern Airlines,H1,2026,current_forecast,192498.9,0.4668484626045136,89867.81551806,,,8.932924694595181,flat,-0.15469943995314986,0.5,0.0,89867.81551806,,,,Residual yield model: flat-yield baseline (ASK x prior RASK) plus a shrunk signed adjustment from the 3-class yield-pressure bucket (lambda 0.5 x historical residual std).  The adjustment is capped so the weakly-validated yield signal cannot dominate the strong flat-yield prior.,2026-08-10T15:18:11.351154+00:00
airline_residual_yield_model,China Eastern Airlines,H1,2026,current_forecast,157720.12999999998,0.43104766217505486,67984.89331444573,,,8.733170349765118,flat,-0.027176453245677065,0.5,0.0,67984.89331444573,,,,Residual yield model: flat-yield baseline (ASK x prior RASK) plus a shrunk signed adjustment from the 3-class yield-pressure bucket (lambda 0.5 x historical residual std).  The adjustment is capped so the weakly-validated yield signal cannot dominate the strong flat-yield prior.,2026-08-10T15:18:11.351154+00:00
airline_residual_yield_model,Spring Airlines,H1,2026,current_forecast,33810.9269,0.3515929044058496,11887.68198942487,,,16.223438049753664,flat,0.0006490022933659089,0.5,0.0,11887.68198942487,,,,Residual yield model: flat-yield baseline (ASK x prior RASK) plus a shrunk signed adjustment from the 3-class yield-pressure bucket (lambda 0.5 x historical residual std).  The adjustment is capped so the weakly-validated yield signal cannot dominate the strong flat-yield prior.,2026-08-10T15:18:11.351154+00:00
airline_residual_yield_model,Hainan Airlines Holdings,H1,2026,current_forecast,76602.33,0.42457250599192314,32523.243212920275,,,6.958584908122041,flat,-0.05806732046485311,0.5,0.0,32523.243212920275,,,,Residual yield model: flat-yield baseline (ASK x prior RASK) plus a shrunk signed adjustment from the 3-class yield-pressure bucket (lambda 0.5 x historical residual std).  The adjustment is capped so the weakly-validated yield signal cannot dominate the strong flat-yield prior.,2026-08-10T15:18:11.351154+00:00
airline_residual_yield_model,Juneyao Airlines,H1,2026,current_forecast,28787.0109,0.38665534135626284,11130.651526165959,,,10.493964165288634,flat,-0.0411967621309091,0.5,0.0,11130.651526165959,,,,Residual yield model: flat-yield baseline (ASK x prior RASK) plus a shrunk signed adjustment from the 3-class yield-pressure bucket (lambda 0.5 x historical residual std).  The adjustment is capped so the weakly-validated yield signal cannot dominate the strong flat-yield prior.,2026-08-10T15:18:11.351154+00:00
