dataset_id,source_id,source_name,source_tier,access_method,cost_type,data_granularity,time_semantics,reproducibility_score,seat_layout_coverage,route_frequency_coverage,bot_block_risk,source_url,source_note,retrieved_at
airline_aviation_source_registry,issuer_annual_report_filing,Issuer Annual Reports & Prospectuses (CNINFO / HKEX),primary_official,public_pdf_http_get,free_official,company_fleet_cabin_seat_disclosures,point_in_time_historical,high_100pct_reproducible,official_disclosed_cabin_seats,disclosed_route_additions,none,https://static.cninfo.com.cn/finalpage/2026-04-23/1225151299.PDF,"Primary official filing for Juneyao Mainline (180-seat A320/A321, Page 13-15), 9 Air B737 series limit text (189 seats, Page 15), and Spring Airlines (186-seat A320). Filing date: 2026-04-23.",2026-08-17T02:54:26.951585+00:00
airline_aviation_source_registry,9air_official_fleet_page,9 Air Official Fleet & Cabin Disclosure Page,primary_official,public_web_html,free_official,operational_fleet_seat_configuration,live_operational_state,high_100pct_reproducible,operational_188_seat_lcc_layout,route_network_promotions,none,https://www.9air.com/cmsProvider/info/1011/1431.htm,"Primary official page for 9 Air operational B737 seat layout (188 seats). Published date: 2026-05-26. Analytical inference: 188 seats represents current operational seat-selection layout, while annual report 189 seats reflects generic B737 series limit description.",2026-08-17T02:54:26.951585+00:00
airline_aviation_source_registry,ctrip_ssr_train_booking,Ctrip Train Search SSR Payload,secondary_aggregator,public_html_ssr_next_data,free_public,train_level_schedules_fares_seats,point_in_time_dated_snapshot,high_100pct_reproducible,train_seat_classes_second_first_business,daily_g_d_train_frequency,low_ssr_html,https://trains.ctrip.com/trainbooking/search,"Verified fallback for dated HSR timetables, train codes, run times, and 2nd-class fares.",2026-08-17T02:54:26.951585+00:00
airline_aviation_source_registry,osrm_routing_engine,OSRM Open Source Routing Machine,secondary_derived,public_json_rest_api,free_open_source,hub_to_cbd_driving_duration_distance,static_road_network_routing,high_100pct_reproducible,not_applicable,not_applicable,none,http://router.project-osrm.org/route/v1/driving,Calculates airport-vs-station CBD driving time deltas without key restrictions or hardcoded numbers.,2026-08-17T02:54:26.951585+00:00
airline_aviation_source_registry,caac_official_bulletin,CAAC Civil Aviation Administration of China Releases,primary_official,public_web_http_get,free_official,macro_passenger_volume_season_routes,monthly_seasonal_releases,high_100pct_reproducible,macro_capacity_only,seasonal_weekly_flight_quotas,none,https://www.caac.gov.cn/,Official seasonal route allocation and macro civil aviation passenger statistics.,2026-08-17T02:54:26.951585+00:00
airline_aviation_source_registry,caac_seasonal_route_licence_pdf,CAAC Summer/Autumn 2026 Domestic Route-Licence Table,primary_official,public_pdf_http_get,free_official,carrier_route_planned_frequency_events,point_in_time_planned_supply_release,high_100pct_reproducible,not_disclosed,new_routes_cancellations_cargo_licence_events,none,https://www.caac.gov.cn/XXGK/XXGK/TZTG/202603/P020260323513975216641.pdf,Parsed into airline_caac_route_licence_events.csv; initial frequency is a stated planned value and is not realized ASK.,2026-08-17T02:54:26.951585+00:00
airline_aviation_source_registry,mot_spring_festival_transport_summary,Ministry of Transport 2026 Spring Festival Transport Summary,primary_official,public_web_html,free_official,holiday_national_transport_modes,point_in_time_event_release,high_100pct_reproducible,not_applicable,national_rail_air_road_water_totals,none,https://www.mot.gov.cn/zhuanti/2026chunyun/gongzuobushu/202603/t20260316_4201910.html,"Parsed into airline_travel_demand_events.csv; broad holiday demand/HSR control with official release date and 40-day event normalization, not company RPK.",2026-08-17T02:54:26.951585+00:00
airline_aviation_source_registry,mct_holiday_tourism_statistics,Ministry of Culture and Tourism Holiday Tourism Statistics,primary_official,public_web_html,free_official,holiday_domestic_travelers_tourism_spend,point_in_time_event_release,high_100pct_reproducible,not_applicable,not_applicable,none,https://www.mct.gov.cn/whzx/whyw/202605/t20260506_965708.htm,"Parsed into airline_travel_demand_events.csv; holiday duration and source-reported YoY are preserved, with per-day normalization where duration is known.",2026-08-17T02:54:26.951585+00:00
airline_aviation_source_registry,cninfo_airport_monthly_production,CNINFO Issuer Airport Monthly Production Bulletins,primary_official,public_pdf_http_get,free_official,airport_monthly_movements_passenger_cargo_by_scope,point_in_time_monthly_release,high_100pct_reproducible,not_applicable,airport_route_scope_totals,none,https://static.cninfo.com.cn/finalpage/2026-07-15/1225422839.PDF,"Parsed into airline_airport_traffic.csv for Shanghai Pudong/Hongqiao, Shenzhen and Guangzhou Baiyun; official announcement dates make rows release-date-safe, but airport throughput includes many carriers and is hub context only.",2026-08-17T02:54:26.951585+00:00
airline_aviation_source_registry,flightconnections_discovery,FlightConnections Route Map & Schedule Discovery,discovery_only,public_web_html,free_limited_paid,route_network_destinations_weekly_freq,current_schedule_discovery,medium_web,not_applicable,indicative_weekly_schedules,medium_web,https://www.flightconnections.com/,Discovery tool for interactive route maps; does not provide audited historical capacity or seat configuration data.,2026-08-17T02:54:26.951585+00:00
airline_aviation_source_registry,flightradar24_public,Flightradar24 Public Airline & Flight Data,discovery_only,public_web_html,free_limited_paid_api,realtime_adsb_flight_tracking,realtime_live_tracking,medium_requires_session_key,aircraft_tail_type_only,recent_7day_flight_history,high_cloudflare_waf,https://www.flightradar24.com/data/airlines/aq-9air,"Discovery tool for observed flight operations, tail registrations, and aircraft types; does not disclose cabin seat layout.",2026-08-17T02:54:26.951585+00:00
airline_aviation_source_registry,flightaware_aeroapi,FlightAware AeroAPI Commercial Flight Data,commercial_grade,commercial_rest_api,paid_api_subscription,flight_by_flight_tracking_tail_schedules,realtime_and_historical_flight_history,high_paid_api,aircraft_type_code_only,historical_flight_counts,none_paid_credentials,https://flightaware.com/commercial/aeroapi/,Commercial flight-tracking API for audited tail operations and actual flight histories; requires paid API key.,2026-08-17T02:54:26.951585+00:00
airline_aviation_source_registry,planespotters_net,Planespotters.net Civil Aviation Fleet Database,discovery_only,public_web_database,free_rate_limited,aircraft_tail_msn_age_operator,historical_current_fleet_status,medium_web_rate_limited,historical_cabin_config_notes,not_applicable,high_http_403_waf,https://www.planespotters.net/,"Web database discovery source for aircraft tail registrations, MSN, and operator history; subject to strict terms and WAF rate limits.",2026-08-17T02:54:26.951585+00:00
airline_aviation_source_registry,cirium_oag_schedules,Cirium / OAG Global Airline Schedules,commercial_grade,commercial_api_subscription,paid_enterprise,flight_by_flight_scheduled_seats_ask,point_in_time_historical_schedules,high_paid_api,exact_flight_seat_counts,complete_global_schedules,none_paid_credentials,https://www.cirium.com/,Gold standard commercial schedule database with exact flight-by-flight seat capacity; requires paid enterprise API subscription.,2026-08-17T02:54:26.951585+00:00
